stim_identity,note_id,onset,duration,offset,pitch,velocity,probability,pitch_probability,pitch_ic
b7_minor_seventh,0,0,320,320,76,100,{2: 0.07123596221208572},0.07123596221208572,3.811250445677856
b7_minor_seventh,1,330,160,490,74,100,{2: 0.8658759593963623},0.8658759593963623,0.20776772765016216
b7_minor_seventh,2,160,160,320,72,100,{2: 0.9878861904144287},0.9878861904144287,0.017583249415728315
b7_minor_seventh,3,160,320,480,74,100,{2: 0.9798216819763184},0.9798216819763184,0.029408878247600835
b7_minor_seventh,4,330,320,650,67,100,{2: 0.9327210783958435},0.9327210783958435,0.10048237391315482
b7_minor_seventh,5,330,660,990,72,100,{2: 0.8470496535301208},0.8470496535301208,0.23948155295441026
b7_minor_seventh,6,660,660,1320,48,100,{2: 0.8318310976028442},0.8318310976028442,0.2656374744393034
b7_minor_seventh,7,0,660,660,55,100,{2: 0.933669924736023},0.933669924736023,0.09901548297210486
b7_minor_seventh,8,0,660,660,64,100,{2: 0.9968894124031067},0.9968894124031067,0.004494623389893948
b7_minor_seventh,9,0,660,660,72,100,{2: 0.9919637441635132},0.9919637441635132,0.011640703177806461
b7_minor_seventh,10,660,660,1320,59,100,{2: 0.9940045475959778},0.9940045475959778,0.008675642718355008
b7_minor_seventh,11,0,660,660,62,100,{2: 0.8365134596824646},0.8365134596824646,0.25753934116178445
b7_minor_seventh,12,0,660,660,66,100,{2: 0.9965695142745972},0.9965695142745972,0.004957653193393473
b7_minor_seventh,13,0,660,660,69,100,{2: 0.9912649989128113},0.9912649989128113,0.0126573043674211
b7_minor_seventh,14,660,660,1320,48,100,{2: 0.9919052124023438},0.9919052124023438,0.011725833278077111
b7_minor_seventh,15,0,660,660,55,100,{2: 0.9977654218673706},0.9977654218673706,0.003227422098316625
b7_minor_seventh,16,0,660,660,64,100,{2: 0.9994723200798035},0.9994723200798035,0.0007614821311332903
b7_minor_seventh,17,0,660,660,72,100,{2: 0.9973118305206299},0.9973118305206299,0.003883430778707335
c'_revoiced,0,0,320,320,76,100,{2: 0.0907171219587326},0.0907171219587326,3.462481318913977
c'_revoiced,1,330,160,490,74,100,{2: 0.75875324010849},0.75875324010849,0.39829732275664437
c'_revoiced,2,160,160,320,72,100,{2: 0.9875369668006897},0.9875369668006897,0.018093340814739223
c'_revoiced,3,160,320,480,74,100,{2: 0.983386218547821},0.983386218547821,0.024169957922888875
c'_revoiced,4,330,320,650,67,100,{2: 0.8958153128623962},0.8958153128623962,0.15872676738338826
c'_revoiced,5,330,660,990,72,100,{2: 0.8064937591552734},0.8064937591552734,0.3102647253881233
c'_revoiced,6,660,660,1320,48,100,{2: 0.7843892574310303},0.7843892574310303,0.35035831758920555
c'_revoiced,7,0,660,660,55,100,{2: 0.9145447015762329},0.9145447015762329,0.1288744064155904
c'_revoiced,8,0,660,660,64,100,{2: 0.9970717430114746},0.9970717430114746,0.004230779267842199
c'_revoiced,9,0,660,660,72,100,{2: 0.9783236980438232},0.9783236980438232,0.03161620609401918
c'_revoiced,10,660,660,1320,48,100,{2: 0.9118691682815552},0.9118691682815552,0.13310124836066756
c'_revoiced,11,0,660,660,60,100,{2: 0.9978195428848267},0.9978195428848267,0.0031491692302203235
c'_revoiced,12,0,660,660,64,100,{2: 0.9984475374221802},0.9984475374221802,0.002241470412191395
c'_revoiced,13,0,660,660,67,100,{2: 0.9963064193725586},0.9963064193725586,0.005338575764890121
c'_revoiced,14,660,660,1320,48,100,{2: 0.9702733755111694},0.9702733755111694,0.04353680951739285
c'_revoiced,15,0,660,660,55,100,{2: 0.9955940842628479},0.9955940842628479,0.006370436916754762
c'_revoiced,16,0,660,660,64,100,{2: 0.9994671940803528},0.9994671940803528,0.0007688813084818096
c'_revoiced,17,0,660,660,72,100,{2: 0.9975661039352417},0.9975661039352417,0.0035156498835047516
c#7_minor_seventh,0,0,320,320,76,100,{2: 0.07226381450891495},0.07226381450891495,3.7905827790695836
c#7_minor_seventh,1,330,160,490,74,100,{2: 0.9036139845848083},0.9036139845848083,0.14622149642835452
c#7_minor_seventh,2,160,160,320,72,100,{2: 0.9884172081947327},0.9884172081947327,0.01680796689863726
c#7_minor_seventh,3,160,320,480,74,100,{2: 0.9861375689506531},0.9861375689506531,0.020139174249002596
c#7_minor_seventh,4,330,320,650,67,100,{2: 0.9463207125663757},0.9463207125663757,0.0795988922780674
c#7_minor_seventh,5,330,660,990,72,100,{2: 0.8730700612068176},0.8730700612068176,0.19583066451492942
c#7_minor_seventh,6,660,660,1320,48,100,{2: 0.7955760359764099},0.7955760359764099,0.32992827434501876
c#7_minor_seventh,7,0,660,660,55,100,{2: 0.915814220905304},0.915814220905304,0.12687312730954828
c#7_minor_seventh,8,0,660,660,64,100,{2: 0.9963119626045227},0.9963119626045227,0.005330548946170114
c#7_minor_seventh,9,0,660,660,72,100,{2: 0.9911227226257324},0.9911227226257324,0.012864389280152388
c#7_minor_seventh,10,660,660,1320,49,100,{2: 0.9942810535430908},0.9942810535430908,0.008274378673572523
c#7_minor_seventh,11,0,660,660,59,100,{2: 0.996749758720398},0.996749758720398,0.004696743892674585
c#7_minor_seventh,12,0,660,660,64,100,{2: 0.9953149557113647},0.9953149557113647,0.006774973107558355
c#7_minor_seventh,13,0,660,660,68,100,{2: 0.991285502910614},0.991285502910614,0.012627462992967083
c#7_minor_seventh,14,660,660,1320,48,100,{2: 0.9944116473197937},0.9944116473197937,0.00808490043572383
c#7_minor_seventh,15,0,660,660,55,100,{2: 0.9951677322387695},0.9951677322387695,0.0069883872462380755
c#7_minor_seventh,16,0,660,660,64,100,{2: 0.9969954490661621},0.9969954490661621,0.004341175644697709
c#7_minor_seventh,17,0,660,660,72,100,{2: 0.9953495860099792},0.9953495860099792,0.006724777849609485
G_major,0,0,320,320,76,100,{2: 0.09988096356391907},0.09988096356391907,3.323646450585269
G_major,1,330,160,490,74,100,{2: 0.8278002142906189},0.8278002142906189,0.2726454728521701
G_major,2,160,160,320,72,100,{2: 0.9896180033683777},0.9896180033683777,0.015056348479688954
G_major,3,160,320,480,74,100,{2: 0.9705832004547119},0.9705832004547119,0.04307620576240721
G_major,4,330,320,650,67,100,{2: 0.9242056608200073},0.9242056608200073,0.11371416875454382
G_major,5,330,660,990,72,100,{2: 0.8528639674186707},0.8528639674186707,0.22961244617024437
G_major,6,660,660,1320,48,100,{2: 0.8176503777503967},0.8176503777503967,0.2904440073549534
G_major,7,0,660,660,55,100,{2: 0.9690784811973572},0.9690784811973572,0.04531458729721849
G_major,8,0,660,660,64,100,{2: 0.9971017241477966},0.9971017241477966,0.004187399253608161
G_major,9,0,660,660,72,100,{2: 0.9866805672645569},0.9866805672645569,0.019344999682090726
G_major,10,660,660,1320,55,100,{2: 0.9923678040504456},0.9923678040504456,0.011053165068380177
G_major,11,0,660,660,62,100,{2: 0.9769854545593262},0.9769854545593262,0.03359101149752718
G_major,12,0,660,660,67,100,{2: 0.9969966411590576},0.9969966411590576,0.0043394506363418
G_major,13,0,660,660,71,100,{2: 0.9976300001144409},0.9976300001144409,0.003423245231443859
G_major,14,660,660,1320,48,100,{2: 0.989174485206604},0.989174485206604,0.015703067594446406
G_major,15,0,660,660,55,100,{2: 0.9993347525596619},0.9993347525596619,0.0009600685601346361
G_major,16,0,660,660,64,100,{2: 0.9994332194328308},0.9994332194328308,0.0008179233269528284
G_major,17,0,660,660,72,100,{2: 0.9992827773094177},0.9992827773094177,0.001035104863651898
F#_major,0,0,320,320,76,100,{2: 0.025297826156020164},0.025297826156020164,5.304842770415306
F#_major,1,330,160,490,74,100,{2: 0.8829318881034851},0.8829318881034851,0.17962594635160548
F#_major,2,160,160,320,72,100,{2: 0.9885170459747314},0.9885170459747314,0.016662250904373645
F#_major,3,160,320,480,74,100,{2: 0.9939541220664978},0.9939541220664978,0.008748832028012962
F#_major,4,330,320,650,67,100,{2: 0.9323620796203613},0.9323620796203613,0.101037765512981
F#_major,5,330,660,990,72,100,{2: 0.8507049083709717},0.8507049083709717,0.23326931674719256
F#_major,6,660,660,1320,48,100,{2: 0.8117196559906006},0.8117196559906006,0.30094654573647694
F#_major,7,0,660,660,55,100,{2: 0.949489951133728},0.949489951133728,0.0747753631026404
F#_major,8,0,660,660,64,100,{2: 0.995799720287323},0.995799720287323,0.006072484725565903
F#_major,9,0,660,660,72,100,{2: 0.9936827421188354},0.9936827421188354,0.009142785787048809
F#_major,10,660,660,1320,54,100,{2: 0.9951553344726562},0.9951553344726562,0.007006360404454562
F#_major,11,0,660,660,61,100,{2: 0.9790679216384888},0.9790679216384888,0.030519146384272795
F#_major,12,0,660,660,66,100,{2: 0.9997970461845398},0.9997970461845398,0.0002928301796002953
F#_major,13,0,660,660,70,100,{2: 0.9989032745361328},0.9989032745361328,0.0015831086644982747
F#_major,14,660,660,1320,48,100,{2: 0.9878165125846863},0.9878165125846863,0.017685009522973597
F#_major,15,0,660,660,55,100,{2: 0.9962917566299438},0.9962917566299438,0.005359808210358826
F#_major,16,0,660,660,64,100,{2: 0.9959188103675842},0.9959188103675842,0.005899959676697475
F#_major,17,0,660,660,72,100,{2: 0.9986264705657959},0.9986264705657959,0.0019829462327135092
d#_minor,0,0,320,320,76,100,{2: 0.024466166272759438},0.024466166272759438,5.3530681338248405
d#_minor,1,330,160,490,74,100,{2: 0.7732205390930176},0.7732205390930176,0.37104813445398716
d#_minor,2,160,160,320,72,100,{2: 0.9936969876289368},0.9936969876289368,0.009122103351306077
d#_minor,3,160,320,480,74,100,{2: 0.9894886612892151},0.9894886612892151,0.015244919595924467
d#_minor,4,330,320,650,67,100,{2: 0.9502351880073547},0.9502351880073547,0.07364346293996094
d#_minor,5,330,660,990,72,100,{2: 0.9145872592926025},0.9145872592926025,0.12880727314398113
d#_minor,6,660,660,1320,48,100,{2: 0.8192144632339478},0.8192144632339478,0.2876869085390788
d#_minor,7,0,660,660,55,100,{2: 0.9446127414703369},0.9446127414703369,0.08220509938184589
d#_minor,8,0,660,660,64,100,{2: 0.9942135214805603},0.9942135214805603,0.00837237056449843
d#_minor,9,0,660,660,72,100,{2: 0.9969435334205627},0.9969435334205627,0.004416301759514191
d#_minor,10,660,660,1320,51,100,{2: 0.9714636206626892},0.9714636206626892,0.04176812406102638
d#_minor,11,0,660,660,54,100,{2: 0.9979214072227478},0.9979214072227478,0.003001896433836638
d#_minor,12,0,660,660,63,100,{2: 0.9997157454490662},0.9997157454490662,0.0004101509273783034
d#_minor,13,0,660,660,70,100,{2: 0.9976795315742493},0.9976795315742493,0.0033516184584411785
d#_minor,14,660,660,1320,48,100,{2: 0.9883208274841309},0.9883208274841309,0.016948651168199578
d#_minor,15,0,660,660,55,100,{2: 0.9969249367713928},0.9969249367713928,0.004443213558297782
d#_minor,16,0,660,660,64,100,{2: 0.9926066398620605},0.9926066398620605,0.010705989573276793
d#_minor,17,0,660,660,72,100,{2: 0.9993029832839966},0.9993029832839966,0.0010059331764548634
f_minor,0,0,320,320,76,100,{2: 0.014790989458560944},0.014790989458560944,6.079137623530349
f_minor,1,330,160,490,74,100,{2: 0.8414413332939148},0.8414413332939148,0.249065406952368
f_minor,2,160,160,320,72,100,{2: 0.9890592098236084},0.9890592098236084,0.015871204679554576
f_minor,3,160,320,480,74,100,{2: 0.9943085312843323},0.9943085312843323,0.008234509208974235
f_minor,4,330,320,650,67,100,{2: 0.9554965496063232},0.9554965496063232,0.06567743139141682
f_minor,5,330,660,990,72,100,{2: 0.8731343150138855},0.8731343150138855,0.1957244929234259
f_minor,6,660,660,1320,48,100,{2: 0.8173453211784363},0.8173453211784363,0.290982361809284
f_minor,7,0,660,660,55,100,{2: 0.9528881907463074},0.9528881907463074,0.0696211526504612
f_minor,8,0,660,660,64,100,{2: 0.9971411228179932},0.9971411228179932,0.004130394896085671
f_minor,9,0,660,660,72,100,{2: 0.9908936023712158},0.9908936023712158,0.013197939162927688
f_minor,10,660,660,1320,53,100,{2: 0.9728556275367737},0.9728556275367737,0.03970237096096128
f_minor,11,0,660,660,60,100,{2: 0.9982345104217529},0.9982345104217529,0.002549314115789386
f_minor,12,0,660,660,65,100,{2: 0.999556839466095},0.999556839466095,0.0006394872127979434
f_minor,13,0,660,660,68,100,{2: 0.9990273714065552},0.9990273714065552,0.0014038892905505402
f_minor,14,660,660,1320,48,100,{2: 0.9957888722419739},0.9957888722419739,0.006088201245822523
f_minor,15,0,660,660,55,100,{2: 0.9980570673942566},0.9980570673942566,0.0028057858449979482
f_minor,16,0,660,660,64,100,{2: 0.9991347193717957},0.9991347193717957,0.0012488764635474742
f_minor,17,0,660,660,72,100,{2: 0.9969532489776611},0.9969532489776611,0.0044022422694050085
f#7_minor_seventh,0,0,320,320,76,100,{2: 0.01960454322397709},0.01960454322397709,5.672668161599388
f#7_minor_seventh,1,330,160,490,74,100,{2: 0.8559710383415222},0.8559710383415222,0.22436611081691216
f#7_minor_seventh,2,160,160,320,72,100,{2: 0.9902991056442261},0.9902991056442261,0.014063758527318863
f#7_minor_seventh,3,160,320,480,74,100,{2: 0.9907702803611755},0.9907702803611755,0.01337750145307947
f#7_minor_seventh,4,330,320,650,67,100,{2: 0.9549675583839417},0.9549675583839417,0.06647637132388216
f#7_minor_seventh,5,330,660,990,72,100,{2: 0.8445055484771729},0.8445055484771729,0.24382119319379103
f#7_minor_seventh,6,660,660,1320,48,100,{2: 0.7445107698440552},0.7445107698440552,0.4256353763845834
f#7_minor_seventh,7,0,660,660,55,100,{2: 0.9586687088012695},0.9586687088012695,0.060895751744022154
f#7_minor_seventh,8,0,660,660,64,100,{2: 0.9954706430435181},0.9954706430435181,0.006549324155079293
f#7_minor_seventh,9,0,660,660,72,100,{2: 0.9813356399536133},0.9813356399536133,0.02718143828099105
f#7_minor_seventh,10,660,660,1320,54,100,{2: 0.9968374967575073},0.9968374967575073,0.004569757495897679
f#7_minor_seventh,11,0,660,660,61,100,{2: 0.9526100754737854},0.9526100754737854,0.07004228714785225
f#7_minor_seventh,12,0,660,660,64,100,{2: 0.998753547668457},0.998753547668457,0.001799372246397987
f#7_minor_seventh,13,0,660,660,69,100,{2: 0.9972242116928101},0.9972242116928101,0.004010184315159047
f#7_minor_seventh,14,660,660,1320,48,100,{2: 0.9923719167709351},0.9923719167709351,0.011047186046151188
f#7_minor_seventh,15,0,660,660,55,100,{2: 0.9894331097602844},0.9894331097602844,0.015325917153782065
f#7_minor_seventh,16,0,660,660,64,100,{2: 0.9964966177940369},0.9964966177940369,0.00506318646131404
f#7_minor_seventh,17,0,660,660,72,100,{2: 0.9939640164375305},0.9939640164375305,0.008734470712277422
A_major,0,0,320,320,76,100,{2: 0.03559808060526848},0.03559808060526848,4.812056734423282
A_major,1,330,160,490,74,100,{2: 0.7931928038597107},0.7931928038597107,0.33425650592751366
A_major,2,160,160,320,72,100,{2: 0.9880906343460083},0.9880906343460083,0.017284713275439373
A_major,3,160,320,480,74,100,{2: 0.9901874661445618},0.9901874661445618,0.014226407196588195
A_major,4,330,320,650,67,100,{2: 0.9400827884674072},0.9400827884674072,0.08914028144598553
A_major,5,330,660,990,72,100,{2: 0.8209248781204224},0.8209248781204224,0.2846778861872643
A_major,6,660,660,1320,48,100,{2: 0.7497501969337463},0.7497501969337463,0.41551809884662866
A_major,7,0,660,660,55,100,{2: 0.959035336971283},0.959035336971283,0.060344120588694775
A_major,8,0,660,660,64,100,{2: 0.9960678815841675},0.9960678815841675,0.0056840302167524386
A_major,9,0,660,660,72,100,{2: 0.9914883375167847},0.9914883375167847,0.01233229218175568
A_major,10,660,660,1320,57,100,{2: 0.9924518465995789},0.9924518465995789,0.010930989969105003
A_major,11,0,660,660,61,100,{2: 0.9909880757331848},0.9909880757331848,0.01306039689446858
A_major,12,0,660,660,64,100,{2: 0.9996283054351807},0.9996283054351807,0.0005363415891931187
A_major,13,0,660,660,69,100,{2: 0.9963958859443665},0.9963958859443665,0.005209030092950191
A_major,14,660,660,1320,48,100,{2: 0.9805518984794617},0.9805518984794617,0.028334103738205725
A_major,15,0,660,660,55,100,{2: 0.9963034391403198},0.9963034391403198,0.005342891277285289
A_major,16,0,660,660,64,100,{2: 0.998084545135498},0.998084545135498,0.002766067219047215
A_major,17,0,660,660,72,100,{2: 0.9968994855880737},0.9968994855880737,0.004480045583775484
F#7_seventh,0,0,320,320,76,100,{2: 0.01931055076420307},0.01931055076420307,5.694466877197553
F#7_seventh,1,330,160,490,74,100,{2: 0.8590050935745239},0.8590050935745239,0.21926140886364773
F#7_seventh,2,160,160,320,72,100,{2: 0.9900374412536621},0.9900374412536621,0.01444500879655426
F#7_seventh,3,160,320,480,74,100,{2: 0.9938538074493408},0.9938538074493408,0.008894443078934928
F#7_seventh,4,330,320,650,67,100,{2: 0.9459062814712524},0.9459062814712524,0.08023084362129278
F#7_seventh,5,330,660,990,72,100,{2: 0.8566385507583618},0.8566385507583618,0.22324149151266295
F#7_seventh,6,660,660,1320,48,100,{2: 0.7651088833808899},0.7651088833808899,0.38626302115315847
F#7_seventh,7,0,660,660,55,100,{2: 0.9464474320411682},0.9464474320411682,0.0794057174735768
F#7_seventh,8,0,660,660,64,100,{2: 0.9959096908569336},0.9959096908569336,0.005913170324886321
F#7_seventh,9,0,660,660,72,100,{2: 0.9919065237045288},0.9919065237045288,0.011723926031411454
F#7_seventh,10,660,660,1320,54,100,{2: 0.9957507848739624},0.9957507848739624,0.006143383131617296
F#7_seventh,11,0,660,660,61,100,{2: 0.9814956784248352},0.9814956784248352,0.0269461794412394
F#7_seventh,12,0,660,660,64,100,{2: 0.9985028505325317},0.9985028505325317,0.0021615485969053547
F#7_seventh,13,0,660,660,70,100,{2: 0.9974244832992554},0.9974244832992554,0.003720478308135513
F#7_seventh,14,660,660,1320,48,100,{2: 0.9896484017372131},0.9896484017372131,0.015012033499289815
F#7_seventh,15,0,660,660,55,100,{2: 0.9918479919433594},0.9918479919433594,0.011809061042756912
F#7_seventh,16,0,660,660,64,100,{2: 0.9979111552238464},0.9979111552238464,0.003016717825422915
F#7_seventh,17,0,660,660,72,100,{2: 0.9979537725448608},0.9979537725448608,0.0029551066443881994
C#_major,0,0,320,320,76,100,{2: 0.06053488701581955},0.06053488701581955,4.046089364434765
C#_major,1,330,160,490,74,100,{2: 0.8242915868759155},0.8242915868759155,0.27877332480104716
C#_major,2,160,160,320,72,100,{2: 0.9844942688941956},0.9844942688941956,0.02254528719830794
C#_major,3,160,320,480,74,100,{2: 0.9940577745437622},0.9940577745437622,0.008598391363834145
C#_major,4,330,320,650,67,100,{2: 0.9781754016876221},0.9781754016876221,0.031834909407618885
C#_major,5,330,660,990,72,100,{2: 0.9339891076087952},0.9339891076087952,0.09852236988862074
C#_major,6,660,660,1320,48,100,{2: 0.8444315195083618},0.8444315195083618,0.24394766472227916
C#_major,7,0,660,660,55,100,{2: 0.9584109783172607},0.9584109783172607,0.06128366101655154
C#_major,8,0,660,660,64,100,{2: 0.9976134300231934},0.9976134300231934,0.0034472078097532444
C#_major,9,0,660,660,72,100,{2: 0.9953632354736328},0.9953632354736328,0.006704993967864629
C#_major,10,660,660,1320,49,100,{2: 0.9956055283546448},0.9956055283546448,0.00635385361252108
C#_major,11,0,660,660,61,100,{2: 0.9966609477996826},0.9966609477996826,0.004825294496479898
C#_major,12,0,660,660,65,100,{2: 0.9985378980636597},0.9985378980636597,0.002110910772520049
C#_major,13,0,660,660,68,100,{2: 0.999031662940979},0.999031662940979,0.0013976919006590124
C#_major,14,660,660,1320,48,100,{2: 0.9941794872283936},0.9941794872283936,0.008421758232440402
C#_major,15,0,660,660,55,100,{2: 0.9883948564529419},0.9883948564529419,0.016840591898873585
C#_major,16,0,660,660,64,100,{2: 0.9990615248680115},0.9990615248680115,0.0013545691331052305
C#_major,17,0,660,660,72,100,{2: 0.9971889853477478},0.9971889853477478,0.004061147549267863
a7_minor_seventh,0,0,320,320,76,100,{2: 0.10718413442373276},0.10718413442373276,3.2218367234402416
a7_minor_seventh,1,330,160,490,74,100,{2: 0.8228622078895569},0.8228622078895569,0.2812772300215109
a7_minor_seventh,2,160,160,320,72,100,{2: 0.9912039041519165},0.9912039041519165,0.01274622491337149
a7_minor_seventh,3,160,320,480,74,100,{2: 0.986829936504364},0.986829936504364,0.019126612942794385
a7_minor_seventh,4,330,320,650,67,100,{2: 0.9325989484786987},0.9325989484786987,0.10067129187202747
a7_minor_seventh,5,330,660,990,72,100,{2: 0.7896667718887329},0.7896667718887329,0.34068410990576875
a7_minor_seventh,6,660,660,1320,48,100,{2: 0.7427864074707031},0.7427864074707031,0.42898067979447135
a7_minor_seventh,7,0,660,660,55,100,{2: 0.9683476686477661},0.9683476686477661,0.04640297943149892
a7_minor_seventh,8,0,660,660,64,100,{2: 0.9964858293533325},0.9964858293533325,0.0050788056956184
a7_minor_seventh,9,0,660,660,72,100,{2: 0.9871466159820557},0.9871466159820557,0.018663717965282052
a7_minor_seventh,10,660,660,1320,57,100,{2: 0.9944145679473877},0.9944145679473877,0.00808066318772921
a7_minor_seventh,11,0,660,660,60,100,{2: 0.9992232322692871},0.9992232322692871,0.0011210744166276255
a7_minor_seventh,12,0,660,660,64,100,{2: 0.9989458918571472},0.9989458918571472,0.0015215586749124477
a7_minor_seventh,13,0,660,660,67,100,{2: 0.992003321647644},0.992003321647644,0.011583143512549939
a7_minor_seventh,14,660,660,1320,48,100,{2: 0.9826687574386597},0.9826687574386597,0.02522290673948588
a7_minor_seventh,15,0,660,660,55,100,{2: 0.9987781643867493},0.9987781643867493,0.001763813944929593
a7_minor_seventh,16,0,660,660,64,100,{2: 0.999624490737915},0.999624490737915,0.0005418470908867025
a7_minor_seventh,17,0,660,660,72,100,{2: 0.9962000250816345},0.9962000250816345,0.005492647553684749
bb_minor,0,0,320,320,76,100,{2: 0.044650446623563766},0.044650446623563766,4.485181583557498
bb_minor,1,330,160,490,74,100,{2: 0.6744875311851501},0.6744875311851501,0.5681363216376465
bb_minor,2,160,160,320,72,100,{2: 0.9879432320594788},0.9879432320594788,0.017499949007783507
bb_minor,3,160,320,480,74,100,{2: 0.9889225959777832},0.9889225959777832,0.01607049075753983
bb_minor,4,330,320,650,67,100,{2: 0.9406076669692993},0.9406076669692993,0.088335003119379
bb_minor,5,330,660,990,72,100,{2: 0.8921605348587036},0.8921605348587036,0.16462476365876708
bb_minor,6,660,660,1320,48,100,{2: 0.6996932625770569},0.6996932625770569,0.5152054950361314
bb_minor,7,0,660,660,55,100,{2: 0.8952803611755371},0.8952803611755371,0.1595885551481431
bb_minor,8,0,660,660,64,100,{2: 0.9961524605751038},0.9961524605751038,0.005561532028898157
bb_minor,9,0,660,660,72,100,{2: 0.9942231774330139},0.9942231774330139,0.008358358959575218
bb_minor,10,660,660,1320,58,100,{2: 0.992624819278717},0.992624819278717,0.010679567108393366
bb_minor,11,0,660,660,61,100,{2: 0.9946163296699524},0.9946163296699524,0.007787977299408072
bb_minor,12,0,660,660,65,100,{2: 0.9988447427749634},0.9988447427749634,0.0016676473359083558
bb_minor,13,0,660,660,70,100,{2: 0.9985804557800293},0.9985804557800293,0.002049424375132384
bb_minor,14,660,660,1320,48,100,{2: 0.989345133304596},0.989345133304596,0.015454201560450893
bb_minor,15,0,660,660,55,100,{2: 0.9967983365058899},0.9967983365058899,0.00462643414654076
bb_minor,16,0,660,660,64,100,{2: 0.997671902179718},0.997671902179718,0.0033626509908252764
bb_minor,17,0,660,660,72,100,{2: 0.9990597367286682},0.9990597367286682,0.001357151298474795
D#_major,0,0,320,320,76,100,{2: 0.030463462695479393},0.030463462695479393,5.036776251571751
D#_major,1,330,160,490,74,100,{2: 0.7173117995262146},0.7173117995262146,0.4793277320966712
D#_major,2,160,160,320,72,100,{2: 0.9939913153648376},0.9939913153648376,0.00869484806440399
D#_major,3,160,320,480,74,100,{2: 0.9903958439826965},0.9903958439826965,0.013922834331684973
D#_major,4,330,320,650,67,100,{2: 0.945021390914917},0.945021390914917,0.08158110923873362
D#_major,5,330,660,990,72,100,{2: 0.9213437438011169},0.9213437438011169,0.11818858357089766
D#_major,6,660,660,1320,48,100,{2: 0.8135684132575989},0.8135684132575989,0.2976644271487283
D#_major,7,0,660,660,55,100,{2: 0.9372233152389526},0.9372233152389526,0.09353525041612532
D#_major,8,0,660,660,64,100,{2: 0.9941937327384949},0.9941937327384949,0.0084010861306719
D#_major,9,0,660,660,72,100,{2: 0.995459258556366},0.995459258556366,0.006565823322774126
D#_major,10,660,660,1320,51,100,{2: 0.9740052819252014},0.9740052819252014,0.03799849897950606
D#_major,11,0,660,660,55,100,{2: 0.9991911053657532},0.9991911053657532,0.0011674605173862605
D#_major,12,0,660,660,63,100,{2: 0.9994414448738098},0.9994414448738098,0.0008060498432157007
D#_major,13,0,660,660,70,100,{2: 0.9959936141967773},0.9959936141967773,0.005791602389362669
D#_major,14,660,660,1320,48,100,{2: 0.9970788955688477},0.9970788955688477,0.004220430040605124
D#_major,15,0,660,660,55,100,{2: 0.9974373579025269},0.9974373579025269,0.0037018563405287223
D#_major,16,0,660,660,64,100,{2: 0.9718493223190308},0.9718493223190308,0.041195442366929756
D#_major,17,0,660,660,72,100,{2: 0.9994175434112549},0.9994175434112549,0.0008405520484255051
g7_minor_seventh,0,0,320,320,76,100,{2: 0.06528255343437195},0.06528255343437195,3.937158702393918
g7_minor_seventh,1,330,160,490,74,100,{2: 0.6499836444854736},0.6499836444854736,0.6215246787717607
g7_minor_seventh,2,160,160,320,72,100,{2: 0.9844697713851929},0.9844697713851929,0.022581186721134284
g7_minor_seventh,3,160,320,480,74,100,{2: 0.9832524061203003},0.9832524061203003,0.02436628329092541
g7_minor_seventh,4,330,320,650,67,100,{2: 0.950814425945282},0.950814425945282,0.07276430258531304
g7_minor_seventh,5,330,660,990,72,100,{2: 0.9052319526672363},0.9052319526672363,0.14364058546928032
g7_minor_seventh,6,660,660,1320,48,100,{2: 0.8000197410583496},0.8000197410583496,0.3218924949178701
g7_minor_seventh,7,0,660,660,55,100,{2: 0.9712808728218079},0.9712808728218079,0.04203954359708431
g7_minor_seventh,8,0,660,660,64,100,{2: 0.9973104000091553},0.9973104000091553,0.003885500134777638
g7_minor_seventh,9,0,660,660,72,100,{2: 0.9936043620109558},0.9936043620109558,0.009256587756342466
g7_minor_seventh,10,660,660,1320,55,100,{2: 0.9892784953117371},0.9892784953117371,0.015551378507575384
g7_minor_seventh,11,0,660,660,62,100,{2: 0.9390851259231567},0.9390851259231567,0.09067215406820159
g7_minor_seventh,12,0,660,660,65,100,{2: 0.995820164680481},0.995820164680481,0.006042865595081589
g7_minor_seventh,13,0,660,660,70,100,{2: 0.998948872089386},0.998948872089386,0.00151725457807095
g7_minor_seventh,14,660,660,1320,48,100,{2: 0.9879756569862366},0.9879756569862366,0.01745259961373882
g7_minor_seventh,15,0,660,660,55,100,{2: 0.9991874098777771},0.9991874098777771,0.0011727963055125688
g7_minor_seventh,16,0,660,660,64,100,{2: 0.9994599223136902},0.9994599223136902,0.0007793778809847658
g7_minor_seventh,17,0,660,660,72,100,{2: 0.9993317723274231},0.9993317723274231,0.0009643709950011191
F_major,0,0,320,320,76,100,{2: 0.024314751848578453},0.024314751848578453,5.362024321975705
F_major,1,330,160,490,74,100,{2: 0.7726249098777771},0.7726249098777771,0.37215990323803166
F_major,2,160,160,320,72,100,{2: 0.9887392520904541},0.9887392520904541,0.01633798776977492
F_major,3,160,320,480,74,100,{2: 0.9930556416511536},0.9930556416511536,0.010053539585636831
F_major,4,330,320,650,67,100,{2: 0.9466376900672913},0.9466376900672913,0.07911573124052725
F_major,5,330,660,990,72,100,{2: 0.828427255153656},0.828427255153656,0.27155307606072754
F_major,6,660,660,1320,48,100,{2: 0.8009923100471497},0.8009923100471497,0.32013970282778026
F_major,7,0,660,660,55,100,{2: 0.9645366668701172},0.9645366668701172,0.05209201150547692
F_major,8,0,660,660,64,100,{2: 0.9970898032188416},0.9970898032188416,0.004204647612003501
F_major,9,0,660,660,72,100,{2: 0.9930954575538635},0.9930954575538635,0.009995696851094768
F_major,10,660,660,1320,53,100,{2: 0.9647675156593323},0.9647675156593323,0.05174676329837607
F_major,11,0,660,660,60,100,{2: 0.9983596205711365},0.9983596205711365,0.0023685104266319935
F_major,12,0,660,660,65,100,{2: 0.9997161030769348},0.9997161030769348,0.0004096348328157718
F_major,13,0,660,660,69,100,{2: 0.9990518689155579},0.9990518689155579,0.0013685128810059614
F_major,14,660,660,1320,48,100,{2: 0.9888753890991211},0.9888753890991211,0.016139360409818254
F_major,15,0,660,660,55,100,{2: 0.9974652528762817},0.9974652528762817,0.003661509568624094
F_major,16,0,660,660,64,100,{2: 0.9992871880531311},0.9992871880531311,0.0010287369524031368
F_major,17,0,660,660,72,100,{2: 0.997524082660675},0.997524082660675,0.0035764229601760802
G7_seventh,0,0,320,320,76,100,{2: 0.0960061103105545},0.0960061103105545,3.3807299606679737
G7_seventh,1,330,160,490,74,100,{2: 0.7785136699676514},0.7785136699676514,0.3612057229929506
G7_seventh,2,160,160,320,72,100,{2: 0.9850994944572449},0.9850994944572449,0.0216586516268925
G7_seventh,3,160,320,480,74,100,{2: 0.9658626317977905},0.9658626317977905,0.050110076133120865
G7_seventh,4,330,320,650,67,100,{2: 0.938506543636322},0.938506543636322,0.09156129075954547
G7_seventh,5,330,660,990,72,100,{2: 0.8722178936004639},0.8722178936004639,0.19723950719215796
G7_seventh,6,660,660,1320,48,100,{2: 0.8311187028884888},0.8311187028884888,0.26687355310400446
G7_seventh,7,0,660,660,55,100,{2: 0.9715069532394409},0.9715069532394409,0.04170377342758015
G7_seventh,8,0,660,660,64,100,{2: 0.9965431094169617},0.9965431094169617,0.004995878988278847
G7_seventh,9,0,660,660,72,100,{2: 0.9933253526687622},0.9933253526687622,0.009661761018402229
G7_seventh,10,660,660,1320,55,100,{2: 0.9894831776618958},0.9894831776618958,0.015252914860722073
G7_seventh,11,0,660,660,62,100,{2: 0.8906319737434387},0.8906319737434387,0.16709868933483887
G7_seventh,12,0,660,660,65,100,{2: 0.9947093725204468},0.9947093725204468,0.007653024577540053
G7_seventh,13,0,660,660,71,100,{2: 0.9990666508674622},0.9990666508674622,0.0013471669513263815
G7_seventh,14,660,660,1320,48,100,{2: 0.992149829864502},0.992149829864502,0.01137008871067293
G7_seventh,15,0,660,660,55,100,{2: 0.9995730519294739},0.9995730519294739,0.0006160873920874175
G7_seventh,16,0,660,660,64,100,{2: 0.999626874923706},0.999626874923706,0.0005384061498661426
G7_seventh,17,0,660,660,72,100,{2: 0.99931800365448},0.99931800365448,0.0009842484106581068
g_minor,0,0,320,320,76,100,{2: 0.040735915303230286},0.040735915303230286,4.617554865023579
g_minor,1,330,160,490,74,100,{2: 0.6916235685348511},0.6916235685348511,0.5319410621868155
g_minor,2,160,160,320,72,100,{2: 0.9878818988800049},0.9878818988800049,0.017589516725606047
g_minor,3,160,320,480,74,100,{2: 0.9898229837417603},0.9898229837417603,0.0147575528387566
g_minor,4,330,320,650,67,100,{2: 0.9461500644683838},0.9461500644683838,0.07985907401335754
g_minor,5,330,660,990,72,100,{2: 0.9036613702774048},0.9036613702774048,0.1461458432042349
g_minor,6,660,660,1320,48,100,{2: 0.7639142870903015},0.7639142870903015,0.3885173211902562
g_minor,7,0,660,660,55,100,{2: 0.968231737613678},0.968231737613678,0.04657570989390403
g_minor,8,0,660,660,64,100,{2: 0.9971240162849426},0.9971240162849426,0.004155145376767011
g_minor,9,0,660,660,72,100,{2: 0.9841067790985107},0.9841067790985107,0.02311323326784729
g_minor,10,660,660,1320,55,100,{2: 0.9896194338798523},0.9896194338798523,0.015054263038325008
g_minor,11,0,660,660,62,100,{2: 0.9685667157173157},0.9685667157173157,0.04607666854769468
g_minor,12,0,660,660,67,100,{2: 0.998011589050293},0.998011589050293,0.002871526450766873
g_minor,13,0,660,660,70,100,{2: 0.9977626800537109},0.9977626800537109,0.003231386563628879
g_minor,14,660,660,1320,48,100,{2: 0.986703634262085},0.986703634262085,0.019311272197176512
g_minor,15,0,660,660,55,100,{2: 0.9983683228492737},0.9983683228492737,0.0023559351195608074
g_minor,16,0,660,660,64,100,{2: 0.9985540509223938},0.9985540509223938,0.002087573189887211
g_minor,17,0,660,660,72,100,{2: 0.9992521405220032},0.9992521405220032,0.0010793368066425808
f#_minor,0,0,320,320,76,100,{2: 0.019768809899687767},0.019768809899687767,5.660630167645318
f#_minor,1,330,160,490,74,100,{2: 0.8765623569488525},0.8765623569488525,0.19007136972007865
f#_minor,2,160,160,320,72,100,{2: 0.9884599447250366},0.9884599447250366,0.016745589951994058
f#_minor,3,160,320,480,74,100,{2: 0.9911451935768127},0.9911451935768127,0.012831680553522606
f#_minor,4,330,320,650,67,100,{2: 0.9468609094619751},0.9468609094619751,0.07877558045793623
f#_minor,5,330,660,990,72,100,{2: 0.8366864919662476},0.8366864919662476,0.2572409514584244
f#_minor,6,660,660,1320,48,100,{2: 0.7833623290061951},0.7833623290061951,0.352248342476527
f#_minor,7,0,660,660,55,100,{2: 0.9555633664131165},0.9555633664131165,0.06557654886540093
f#_minor,8,0,660,660,64,100,{2: 0.9957809448242188},0.9957809448242188,0.0060996865035166615
f#_minor,9,0,660,660,72,100,{2: 0.9913815855979919},0.9913815855979919,0.012487633147091939
f#_minor,10,660,660,1320,54,100,{2: 0.9960963129997253},0.9960963129997253,0.005642851018426236
f#_minor,11,0,660,660,61,100,{2: 0.9435425996780396},0.9435425996780396,0.08384043985247422
f#_minor,12,0,660,660,66,100,{2: 0.9993594288825989},0.9993594288825989,0.0009244448923810021
f#_minor,13,0,660,660,69,100,{2: 0.9982030391693115},0.9982030391693115,0.0025947985536480533
f#_minor,14,660,660,1320,48,100,{2: 0.9896501302719116},0.9896501302719116,0.015009513668756743
f#_minor,15,0,660,660,55,100,{2: 0.9928874373435974},0.9928874373435974,0.010297924758116727
f#_minor,16,0,660,660,64,100,{2: 0.9966213703155518},0.9966213703155518,0.004882585166823019
f#_minor,17,0,660,660,72,100,{2: 0.9938985109329224},0.9938985109329224,0.00882955220345914
c#_minor,0,0,320,320,76,100,{2: 0.04721584543585777},0.04721584543585777,4.404585086640525
c#_minor,1,330,160,490,74,100,{2: 0.8801952004432678},0.8801952004432678,0.1841045899074305
c#_minor,2,160,160,320,72,100,{2: 0.9866769313812256},0.9866769313812256,0.019350315972580332
c#_minor,3,160,320,480,74,100,{2: 0.9938247203826904},0.9938247203826904,0.008936666976034919
c#_minor,4,330,320,650,67,100,{2: 0.9677959084510803},0.9677959084510803,0.047225254938835406
c#_minor,5,330,660,990,72,100,{2: 0.9076685309410095},0.9076685309410095,0.13976255516289132
c#_minor,6,660,660,1320,48,100,{2: 0.8265755772590637},0.8265755772590637,0.2747813577025702
c#_minor,7,0,660,660,55,100,{2: 0.9480241537094116},0.9480241537094116,0.07700427838737688
c#_minor,8,0,660,660,64,100,{2: 0.9972148537635803},0.9972148537635803,0.004023722595998668
c#_minor,9,0,660,660,72,100,{2: 0.9921894073486328},0.9921894073486328,0.011312539840980454
c#_minor,10,660,660,1320,49,100,{2: 0.9952818751335144},0.9952818751335144,0.006822923737117598
c#_minor,11,0,660,660,61,100,{2: 0.998078465461731},0.998078465461731,0.0027748551939244834
c#_minor,12,0,660,660,64,100,{2: 0.9986538887023926},0.9986538887023926,0.0019433363607019264
c#_minor,13,0,660,660,68,100,{2: 0.995266318321228},0.995266318321228,0.006845474043622964
c#_minor,14,660,660,1320,48,100,{2: 0.9923005104064941},0.9923005104064941,0.011150999256331956
c#_minor,15,0,660,660,55,100,{2: 0.9809911251068115},0.9809911251068115,0.02768801024948259
c#_minor,16,0,660,660,64,100,{2: 0.9988240599632263},0.9988240599632263,0.0016975211467070862
c#_minor,17,0,660,660,72,100,{2: 0.9972792267799377},0.9972792267799377,0.003930595589602283
Bb_major,0,0,320,320,76,100,{2: 0.06717979907989502},0.06717979907989502,3.895828708981601
Bb_major,1,330,160,490,74,100,{2: 0.6361371278762817},0.6361371278762817,0.6525903036187779
Bb_major,2,160,160,320,72,100,{2: 0.9906623959541321},0.9906623959541321,0.013534604241425613
Bb_major,3,160,320,480,74,100,{2: 0.989812433719635},0.989812433719635,0.014772929876838715
Bb_major,4,330,320,650,67,100,{2: 0.9563466310501099},0.9563466310501099,0.06439447222768066
Bb_major,5,330,660,990,72,100,{2: 0.9249048829078674},0.9249048829078674,0.1126230881913634
Bb_major,6,660,660,1320,48,100,{2: 0.7649790048599243},0.7649790048599243,0.3865079418534726
Bb_major,7,0,660,660,55,100,{2: 0.9033828377723694},0.9033828377723694,0.14659058878946543
Bb_major,8,0,660,660,64,100,{2: 0.9972310662269592},0.9972310662269592,0.004000267820631314
Bb_major,9,0,660,660,72,100,{2: 0.9952301979064941},0.9952301979064941,0.00689783358587015
Bb_major,10,660,660,1320,58,100,{2: 0.9957748055458069},0.9957748055458069,0.00610858116440458
Bb_major,11,0,660,660,62,100,{2: 0.9161864519119263},0.9161864519119263,0.12628686569657274
Bb_major,12,0,660,660,65,100,{2: 0.9993751645088196},0.9993751645088196,0.0009017288099262127
Bb_major,13,0,660,660,70,100,{2: 0.9988085031509399},0.9988085031509399,0.0017199914811944878
Bb_major,14,660,660,1320,48,100,{2: 0.9901843070983887},0.9901843070983887,0.014231009908371351
Bb_major,15,0,660,660,55,100,{2: 0.9946370720863342},0.9946370720863342,0.007757890653609409
Bb_major,16,0,660,660,64,100,{2: 0.999396562576294},0.999396562576294,0.0008708389535081677
Bb_major,17,0,660,660,72,100,{2: 0.9991686344146729},0.9991686344146729,0.001199905856474775
a_minor,0,0,320,320,76,100,{2: 0.04278387874364853},0.04278387874364853,4.546788908053392
a_minor,1,330,160,490,74,100,{2: 0.817652702331543},0.817652702331543,0.29043990577680234
a_minor,2,160,160,320,72,100,{2: 0.9908406138420105},0.9908406138420105,0.013275090062075822
a_minor,3,160,320,480,74,100,{2: 0.9878276586532593},0.9878276586532593,0.017668730905508013
a_minor,4,330,320,650,67,100,{2: 0.9385665059089661},0.9385665059089661,0.0914691182429411
a_minor,5,330,660,990,72,100,{2: 0.8154148459434509},0.8154148459434509,0.29439387122987837
a_minor,6,660,660,1320,48,100,{2: 0.773752748966217},0.773752748966217,0.37005546498645825
a_minor,7,0,660,660,55,100,{2: 0.9641849994659424},0.9641849994659424,0.052618110044755875
a_minor,8,0,660,660,64,100,{2: 0.9970088601112366},0.9970088601112366,0.00432176941961253
a_minor,9,0,660,660,72,100,{2: 0.9771491885185242},0.9771491885185242,0.03334924906590599
a_minor,10,660,660,1320,57,100,{2: 0.993975818157196},0.993975818157196,0.008717341137086743
a_minor,11,0,660,660,60,100,{2: 0.999147891998291},0.999147891998291,0.0012298560479040775
a_minor,12,0,660,660,64,100,{2: 0.9992638230323792},0.9992638230323792,0.001062469991373543
a_minor,13,0,660,660,69,100,{2: 0.9973022937774658},0.9973022937774658,0.003897226541909374
a_minor,14,660,660,1320,48,100,{2: 0.9803106188774109},0.9803106188774109,0.02868914432266478
a_minor,15,0,660,660,55,100,{2: 0.9982370138168335},0.9982370138168335,0.002545696097075597
a_minor,16,0,660,660,64,100,{2: 0.9994090795516968},0.9994090795516968,0.0008527699847598048
a_minor,17,0,660,660,72,100,{2: 0.9945763349533081},0.9945763349533081,0.007845990965352467
d7_minor_seventh,0,0,320,320,76,100,{2: 0.08290465176105499},0.08290465176105499,3.5924031364937044
d7_minor_seventh,1,330,160,490,74,100,{2: 0.8229979872703552},0.8229979872703552,0.2810391925012486
d7_minor_seventh,2,160,160,320,72,100,{2: 0.9903296232223511},0.9903296232223511,0.014019300363118086
d7_minor_seventh,3,160,320,480,74,100,{2: 0.9943059086799622},0.9943059086799622,0.008238314489920552
d7_minor_seventh,4,330,320,650,67,100,{2: 0.9521303176879883},0.9521303176879883,0.07076904675826332
d7_minor_seventh,5,330,660,990,72,100,{2: 0.8701225519180298},0.8701225519180298,0.20070948404920877
d7_minor_seventh,6,660,660,1320,48,100,{2: 0.7865335941314697},0.7865335941314697,0.34641970807433825
d7_minor_seventh,7,0,660,660,55,100,{2: 0.9618142247200012},0.9618142247200012,0.05616983182486929
d7_minor_seventh,8,0,660,660,64,100,{2: 0.9983831644058228},0.9983831644058228,0.0023344884446295684
d7_minor_seventh,9,0,660,660,72,100,{2: 0.9980385899543762},0.9980385899543762,0.002832495297309372
d7_minor_seventh,10,660,660,1320,50,100,{2: 0.9858296513557434},0.9858296513557434,0.020589720471287192
d7_minor_seventh,11,0,660,660,53,100,{2: 0.9899221062660217},0.9899221062660217,0.014613086184909403
d7_minor_seventh,12,0,660,660,60,100,{2: 0.9951547384262085},0.9951547384262085,0.007007224504240845
d7_minor_seventh,13,0,660,660,69,100,{2: 0.9978309273719788},0.9978309273719788,0.0031327090901282933
d7_minor_seventh,14,660,660,1320,48,100,{2: 0.9929894208908081},0.9929894208908081,0.010149747234085066
d7_minor_seventh,15,0,660,660,55,100,{2: 0.998124897480011},0.998124897480011,0.0027077405464224096
d7_minor_seventh,16,0,660,660,64,100,{2: 0.9991518259048462},0.9991518259048462,0.001224175791406383
d7_minor_seventh,17,0,660,660,72,100,{2: 0.9986121654510498},0.9986121654510498,0.00200361268461537
F7_seventh,0,0,320,320,76,100,{2: 0.02222050353884697},0.02222050353884697,5.491964679763909
F7_seventh,1,330,160,490,74,100,{2: 0.7111914157867432},0.7111914157867432,0.4916901842132625
F7_seventh,2,160,160,320,72,100,{2: 0.9927247166633606},0.9927247166633606,0.010534382133218428
F7_seventh,3,160,320,480,74,100,{2: 0.990475594997406},0.990475594997406,0.013806666880102528
F7_seventh,4,330,320,650,67,100,{2: 0.9190718531608582},0.9190718531608582,0.12175043887188351
F7_seventh,5,330,660,990,72,100,{2: 0.8787338733673096},0.8787338733673096,0.186501786977007
F7_seventh,6,660,660,1320,48,100,{2: 0.7688450813293457},0.7688450813293457,0.37923516368793514
F7_seventh,7,0,660,660,55,100,{2: 0.9401562213897705},0.9401562213897705,0.08902759224803786
F7_seventh,8,0,660,660,64,100,{2: 0.9963933825492859},0.9963933825492859,0.005212654797002166
F7_seventh,9,0,660,660,72,100,{2: 0.9945710301399231},0.9945710301399231,0.007853685948738531
F7_seventh,10,660,660,1320,53,100,{2: 0.9555513858795166},0.9555513858795166,0.06559463700625297
F7_seventh,11,0,660,660,63,100,{2: 0.9996552467346191},0.9996552467346191,0.0004974595816307954
F7_seventh,12,0,660,660,65,100,{2: 0.9995512366294861},0.9995512366294861,0.0006475740037896144
F7_seventh,13,0,660,660,69,100,{2: 0.995721697807312},0.995721697807312,0.006185526587957712
F7_seventh,14,660,660,1320,48,100,{2: 0.9967588782310486},0.9967588782310486,0.004683544378464086
F7_seventh,15,0,660,660,55,100,{2: 0.9965015649795532},0.9965015649795532,0.005056024106553748
F7_seventh,16,0,660,660,64,100,{2: 0.99945467710495},0.99945467710495,0.0007869492265942098
F7_seventh,17,0,660,660,72,100,{2: 0.9985211491584778},0.9985211491584778,0.0021351099192407253
A7_seventh,0,0,320,320,76,100,{2: 0.060764167457818985},0.060764167457818985,4.040635370551134
A7_seventh,1,330,160,490,74,100,{2: 0.8262669444084167},0.8262669444084167,0.27532014235074065
A7_seventh,2,160,160,320,72,100,{2: 0.9887874722480774},0.9887874722480774,0.016267630205013248
A7_seventh,3,160,320,480,74,100,{2: 0.9888719916343689},0.9888719916343689,0.016144317064644188
A7_seventh,4,330,320,650,67,100,{2: 0.9406404495239258},0.9406404495239258,0.08828472242692019
A7_seventh,5,330,660,990,72,100,{2: 0.8043259382247925},0.8043259382247925,0.3141478494884173
A7_seventh,6,660,660,1320,48,100,{2: 0.7196036577224731},0.7196036577224731,0.47472557510638635
A7_seventh,7,0,660,660,55,100,{2: 0.9663226008415222},0.9663226008415222,0.04942319056989441
A7_seventh,8,0,660,660,64,100,{2: 0.9957107305526733},0.9957107305526733,0.006201417063229895
A7_seventh,9,0,660,660,72,100,{2: 0.9944444298744202},0.9944444298744202,0.00803734020295095
A7_seventh,10,660,660,1320,57,100,{2: 0.9933163523674011},0.9933163523674011,0.009674833018358048
A7_seventh,11,0,660,660,61,100,{2: 0.993477463722229},0.993477463722229,0.009440853476778805
A7_seventh,12,0,660,660,64,100,{2: 0.9994795918464661},0.9994795918464661,0.0007509856888326167
A7_seventh,13,0,660,660,67,100,{2: 0.9928240776062012},0.9928240776062012,0.01038999128266112
A7_seventh,14,660,660,1320,48,100,{2: 0.985433042049408},0.985433042049408,0.02117024815951002
A7_seventh,15,0,660,660,55,100,{2: 0.9972520470619202},0.9972520470619202,0.003969915147950062
A7_seventh,16,0,660,660,64,100,{2: 0.9990314245223999},0.9990314245223999,0.001398036199399011
A7_seventh,17,0,660,660,72,100,{2: 0.9979377388954163},0.9979377388954163,0.002978285926838129
E_major,0,0,320,320,76,100,{2: 0.0716307982802391},0.0716307982802391,3.803276169705229
E_major,1,330,160,490,74,100,{2: 0.8942394256591797},0.8942394256591797,0.16126694136969624
E_major,2,160,160,320,72,100,{2: 0.9934879541397095},0.9934879541397095,0.009425619720680168
E_major,3,160,320,480,74,100,{2: 0.9867282509803772},0.9867282509803772,0.01927527965274608
E_major,4,330,320,650,67,100,{2: 0.9359923601150513},0.9359923601150513,0.09543134079354482
E_major,5,330,660,990,72,100,{2: 0.8599249124526978},0.8599249124526978,0.21771740386511296
E_major,6,660,660,1320,48,100,{2: 0.8172377347946167},0.8172377347946167,0.29117227487862685
E_major,7,0,660,660,55,100,{2: 0.9264950156211853},0.9264950156211853,0.11014488005731543
E_major,8,0,660,660,64,100,{2: 0.9956067204475403},0.9956067204475403,0.006352126195958971
E_major,9,0,660,660,72,100,{2: 0.9903790950775146},0.9903790950775146,0.01394723242151366
E_major,10,660,660,1320,52,100,{2: 0.9991617202758789},0.9991617202758789,0.0012098891845332906
E_major,11,0,660,660,56,100,{2: 0.9861261248588562},0.9861261248588562,0.020155916771348707
E_major,12,0,660,660,64,100,{2: 0.9993413090705872},0.9993413090705872,0.0009506032485925816
E_major,13,0,660,660,71,100,{2: 0.970969021320343},0.970969021320343,0.04250282756469347
E_major,14,660,660,1320,48,100,{2: 0.9970542192459106},0.9970542192459106,0.004256135188336675
E_major,15,0,660,660,55,100,{2: 0.9983762502670288},0.9983762502670288,0.0023444796270191775
E_major,16,0,660,660,64,100,{2: 0.9986757636070251},0.9986757636070251,0.0019117353514262695
E_major,17,0,660,660,72,100,{2: 0.9988709092140198},0.9988709092140198,0.0016298539774501988
Ab_major,0,0,320,320,76,100,{2: 0.13336209952831268},0.13336209952831268,2.906579372828604
Ab_major,1,330,160,490,74,100,{2: 0.8467743396759033},0.8467743396759033,0.2399505437554128
Ab_major,2,160,160,320,72,100,{2: 0.9943378567695618},0.9943378567695618,0.008191959932874204
Ab_major,3,160,320,480,74,100,{2: 0.9927101135253906},0.9927101135253906,0.01055560456208966
Ab_major,4,330,320,650,67,100,{2: 0.9470166563987732},0.9470166563987732,0.07853829443912574
Ab_major,5,330,660,990,72,100,{2: 0.8863369822502136},0.8863369822502136,0.1740727841534977
Ab_major,6,660,660,1320,48,100,{2: 0.8267732858657837},0.8267732858657837,0.2744363207485707
Ab_major,7,0,660,660,55,100,{2: 0.9428426623344421},0.9428426623344421,0.08491105485484672
Ab_major,8,0,660,660,64,100,{2: 0.9965400695800781},0.9965400695800781,0.005000279765570251
Ab_major,9,0,660,660,72,100,{2: 0.9928387999534607},0.9928387999534607,0.010368598066700867
Ab_major,10,660,660,1320,56,100,{2: 0.9823222756385803},0.9823222756385803,0.0257316801348845
Ab_major,11,0,660,660,60,100,{2: 0.9974334836006165},0.9974334836006165,0.003707460148090355
Ab_major,12,0,660,660,63,100,{2: 0.9996016621589661},0.9996016621589661,0.000574794516663358
Ab_major,13,0,660,660,68,100,{2: 0.9990229606628418},0.9990229606628418,0.001410258857903074
Ab_major,14,660,660,1320,48,100,{2: 0.9904340505599976},0.9904340505599976,0.013867180446654031
Ab_major,15,0,660,660,55,100,{2: 0.9973447918891907},0.9973447918891907,0.0038357501880396097
Ab_major,16,0,660,660,64,100,{2: 0.9997467398643494},0.9997467398643494,0.0003654234173036118
Ab_major,17,0,660,660,72,100,{2: 0.9965168237686157},0.9965168237686157,0.005033933212224673
d_minor,0,0,320,320,76,100,{2: 0.10526157170534134},0.10526157170534134,3.247949253289343
d_minor,1,330,160,490,74,100,{2: 0.831969678401947},0.831969678401947,0.26539714538672243
d_minor,2,160,160,320,72,100,{2: 0.9882085919380188},0.9882085919380188,0.0171124955960844
d_minor,3,160,320,480,74,100,{2: 0.9950618147850037},0.9950618147850037,0.007141943991151622
d_minor,4,330,320,650,67,100,{2: 0.9578518867492676},0.9578518867492676,0.062125506537996464
d_minor,5,330,660,990,72,100,{2: 0.8723454475402832},0.8723454475402832,0.19702854157983368
d_minor,6,660,660,1320,48,100,{2: 0.81024169921875},0.81024169921875,0.3035757594211217
d_minor,7,0,660,660,55,100,{2: 0.954500138759613},0.954500138759613,0.06718268752761924
d_minor,8,0,660,660,64,100,{2: 0.9974952936172485},0.9974952936172485,0.0036180604607238096
d_minor,9,0,660,660,72,100,{2: 0.9982788562774658},0.9982788562774658,0.002485224841759372
d_minor,10,660,660,1320,50,100,{2: 0.9859035015106201},0.9859035015106201,0.020481649810605296
d_minor,11,0,660,660,53,100,{2: 0.9928045868873596},0.9928045868873596,0.010418313963452138
d_minor,12,0,660,660,62,100,{2: 0.9998171925544739},0.9998171925544739,0.0002637595044333422
d_minor,13,0,660,660,69,100,{2: 0.9973949193954468},0.9973949193954468,0.0037632407731080144
d_minor,14,660,660,1320,48,100,{2: 0.994472324848175},0.994472324848175,0.007996872003154272
d_minor,15,0,660,660,55,100,{2: 0.9983487129211426},0.9983487129211426,0.002384272781393723
d_minor,16,0,660,660,64,100,{2: 0.9991507530212402},0.9991507530212402,0.001225724950051414
d_minor,17,0,660,660,72,100,{2: 0.9991973042488098},0.9991973042488098,0.0011585102074246254
e7_minor_seventh,0,0,320,320,76,100,{2: 0.0723261758685112},0.0723261758685112,3.7893383163017758
e7_minor_seventh,1,330,160,490,74,100,{2: 0.8749901056289673},0.8749901056289673,0.19266139181751535
e7_minor_seventh,2,160,160,320,72,100,{2: 0.9893144369125366},0.9893144369125366,0.015498964725643443
e7_minor_seventh,3,160,320,480,74,100,{2: 0.9802891612052917},0.9802891612052917,0.02872072330933103
e7_minor_seventh,4,330,320,650,67,100,{2: 0.945458710193634},0.945458710193634,0.08091364030787927
e7_minor_seventh,5,330,660,990,72,100,{2: 0.8485209345817566},0.8485209345817566,0.23697784072377492
e7_minor_seventh,6,660,660,1320,48,100,{2: 0.8178686499595642},0.8178686499595642,0.29005893053192155
e7_minor_seventh,7,0,660,660,55,100,{2: 0.922405481338501},0.922405481338501,0.11652700874462393
e7_minor_seventh,8,0,660,660,64,100,{2: 0.9958327412605286},0.9958327412605286,0.00602464538250123
e7_minor_seventh,9,0,660,660,72,100,{2: 0.9941502213478088},0.9941502213478088,0.008464227789282764
e7_minor_seventh,10,660,660,1320,52,100,{2: 0.9994833469390869},0.9994833469390869,0.0007455654247576097
e7_minor_seventh,11,0,660,660,55,100,{2: 0.9993589520454407},0.9993589520454407,0.000925133264099615
e7_minor_seventh,12,0,660,660,62,100,{2: 0.9748354554176331},0.9748354554176331,0.03676937108813573
e7_minor_seventh,13,0,660,660,71,100,{2: 0.982767641544342},0.982767641544342,0.02507773835949161
e7_minor_seventh,14,660,660,1320,48,100,{2: 0.9982251524925232},0.9982251524925232,0.002562838694666299
e7_minor_seventh,15,0,660,660,55,100,{2: 0.9980688691139221},0.9980688691139221,0.0027887265181045754
e7_minor_seventh,16,0,660,660,64,100,{2: 0.9980455636978149},0.9980455636978149,0.0028224145749539474
e7_minor_seventh,17,0,660,660,72,100,{2: 0.9992387294769287},0.9992387294769287,0.001098699465249439
C7_seventh,0,0,320,320,76,100,{2: 0.02493532933294773},0.02493532933294773,5.3256649322750915
C7_seventh,1,330,160,490,74,100,{2: 0.7218937873840332},0.7218937873840332,0.47014150664799853
C7_seventh,2,160,160,320,72,100,{2: 0.9857357144355774},0.9857357144355774,0.02072719735268701
C7_seventh,3,160,320,480,74,100,{2: 0.9903587698936462},0.9903587698936462,0.01397684062206529
C7_seventh,4,330,320,650,67,100,{2: 0.9198775291442871},0.9198775291442871,0.12048629878036146
C7_seventh,5,330,660,990,72,100,{2: 0.869444727897644},0.869444727897644,0.20183377905480354
C7_seventh,6,660,660,1320,48,100,{2: 0.7287425994873047},0.7287425994873047,0.4565187673285023
C7_seventh,7,0,660,660,55,100,{2: 0.9330215454101562},0.9330215454101562,0.10001769859329433
C7_seventh,8,0,660,660,64,100,{2: 0.9975593090057373},0.9975593090057373,0.0035254768457955755
C7_seventh,9,0,660,660,72,100,{2: 0.9256682991981506},0.9256682991981506,0.11143277918953323
C7_seventh,10,660,660,1320,48,100,{2: 0.9526152610778809},0.9526152610778809,0.0700344337510188
C7_seventh,11,0,660,660,55,100,{2: 0.9974995255470276},0.9974995255470276,0.003611939759008708
C7_seventh,12,0,660,660,64,100,{2: 0.9987700581550598},0.9987700581550598,0.0017755231193332568
C7_seventh,13,0,660,660,70,100,{2: 0.9973689317703247},0.9973689317703247,0.0038008314060727156
C7_seventh,14,660,660,1320,48,100,{2: 0.9904541969299316},0.9904541969299316,0.013837834956787405
C7_seventh,15,0,660,660,55,100,{2: 0.9973111152648926},0.9973111152648926,0.003884465456371459
C7_seventh,16,0,660,660,64,100,{2: 0.9994064569473267},0.9994064569473267,0.0008565558451855359
C7_seventh,17,0,660,660,72,100,{2: 0.9994475245475769},0.9994475245475769,0.0007972738528248295
D7_seventh,0,0,320,320,76,100,{2: 0.08357913047075272},0.08357913047075272,3.5807134403517615
D7_seventh,1,330,160,490,74,100,{2: 0.847043514251709},0.847043514251709,0.23949200941180931
D7_seventh,2,160,160,320,72,100,{2: 0.9900357723236084},0.9900357723236084,0.014447440784518716
D7_seventh,3,160,320,480,74,100,{2: 0.9865737557411194},0.9865737557411194,0.019501184775443374
D7_seventh,4,330,320,650,67,100,{2: 0.9400523900985718},0.9400523900985718,0.08918693295963603
D7_seventh,5,330,660,990,72,100,{2: 0.8207988142967224},0.8207988142967224,0.28489944801826533
D7_seventh,6,660,660,1320,48,100,{2: 0.7765370011329651},0.7765370011329651,0.36487342580700155
D7_seventh,7,0,660,660,55,100,{2: 0.9560825228691101},0.9560825228691101,0.06479294718778884
D7_seventh,8,0,660,660,64,100,{2: 0.9980950951576233},0.9980950951576233,0.002750817624978351
D7_seventh,9,0,660,660,72,100,{2: 0.995383083820343},0.995383083820343,0.006676225750546249
D7_seventh,10,660,660,1320,50,100,{2: 0.9910436868667603},0.9910436868667603,0.012979439658401573
D7_seventh,11,0,660,660,54,100,{2: 0.9984885454177856},0.9984885454177856,0.002182217607443649
D7_seventh,12,0,660,660,60,100,{2: 0.997256338596344},0.997256338596344,0.0039637067253878
D7_seventh,13,0,660,660,69,100,{2: 0.9992129802703857},0.9992129802703857,0.001135876498256776
D7_seventh,14,660,660,1320,48,100,{2: 0.9632313251495361},0.9632313251495361,0.05404578428577071
D7_seventh,15,0,660,660,55,100,{2: 0.9965434670448303},0.9965434670448303,0.004995361250656526
D7_seventh,16,0,660,660,64,100,{2: 0.9990866184234619},0.9990866184234619,0.0013183332332495875
D7_seventh,17,0,660,660,72,100,{2: 0.9965382814407349},0.9965382814407349,0.00500286846436538
f7_minor_seventh,0,0,320,320,76,100,{2: 0.017811771482229233},0.017811771482229233,5.811025181952092
f7_minor_seventh,1,330,160,490,74,100,{2: 0.805433452129364},0.805433452129364,0.3121627017955152
f7_minor_seventh,2,160,160,320,72,100,{2: 0.9925175905227661},0.9925175905227661,0.010835423326907201
f7_minor_seventh,3,160,320,480,74,100,{2: 0.9925547242164612},0.9925547242164612,0.010781447866817173
f7_minor_seventh,4,330,320,650,67,100,{2: 0.9382599592208862},0.9382599592208862,0.09194039611422351
f7_minor_seventh,5,330,660,990,72,100,{2: 0.9126116037368774},0.9126116037368774,0.13192709730890192
f7_minor_seventh,6,660,660,1320,48,100,{2: 0.8037480711936951},0.8037480711936951,0.3151847245713557
f7_minor_seventh,7,0,660,660,55,100,{2: 0.9257946014404297},0.9257946014404297,0.11123594497934307
f7_minor_seventh,8,0,660,660,64,100,{2: 0.9966121315956116},0.9966121315956116,0.004895959069508462
f7_minor_seventh,9,0,660,660,72,100,{2: 0.9943113327026367},0.9943113327026367,0.008230444488140988
f7_minor_seventh,10,660,660,1320,53,100,{2: 0.9694240093231201},0.9694240093231201,0.044800281309743346
f7_minor_seventh,11,0,660,660,63,100,{2: 0.9994269609451294},0.9994269609451294,0.0008269575648239533
f7_minor_seventh,12,0,660,660,65,100,{2: 0.9993752837181091},0.9993752837181091,0.0009015567197575621
f7_minor_seventh,13,0,660,660,68,100,{2: 0.9989468455314636},0.9989468455314636,0.001520181362526097
f7_minor_seventh,14,660,660,1320,48,100,{2: 0.9976370334625244},0.9976370334625244,0.0034130741854332836
f7_minor_seventh,15,0,660,660,55,100,{2: 0.9977774024009705},0.9977774024009705,0.0032100992363848025
f7_minor_seventh,16,0,660,660,64,100,{2: 0.9988874793052673},0.9988874793052673,0.001605921565394908
f7_minor_seventh,17,0,660,660,72,100,{2: 0.9978952407836914},0.9978952407836914,0.0030397257523807606
C_major,0,0,320,320,76,100,{2: 0.09286478161811829},0.09286478161811829,3.428724622426649
C_major,1,330,160,490,74,100,{2: 0.7567830681800842},0.7567830681800842,0.40204828386053837
C_major,2,160,160,320,72,100,{2: 0.9865117073059082},0.9865117073059082,0.019591922831630113
C_major,3,160,320,480,74,100,{2: 0.9788480997085571},0.9788480997085571,0.03084309900130625
C_major,4,330,320,650,67,100,{2: 0.8835322856903076},0.8835322856903076,0.1786452407508061
C_major,5,330,660,990,72,100,{2: 0.8232415914535522},0.8232415914535522,0.2806122236029844
C_major,6,660,660,1320,48,100,{2: 0.7832142114639282},0.7832142114639282,0.3525211519292584
C_major,7,0,660,660,55,100,{2: 0.9620612263679504},0.9620612263679504,0.055799383671020074
C_major,8,0,660,660,64,100,{2: 0.9975427389144897},0.9975427389144897,0.003549441122204795
C_major,9,0,660,660,72,100,{2: 0.9964179992675781},0.9964179992675781,0.005177012269335952
C_major,10,660,660,1320,48,100,{2: 0.9845501184463501},0.9845501184463501,0.02246344661363767
C_major,11,0,660,660,55,100,{2: 0.9985600113868713},0.9985600113868713,0.0020789616311330528
C_major,12,0,660,660,64,100,{2: 0.9993429780006409},0.9993429780006409,0.0009481939064792175
C_major,13,0,660,660,72,100,{2: 0.9971725940704346},0.9971725940704346,0.004084862019841516
C_major,14,660,660,1320,48,100,{2: 0.9831874966621399},0.9831874966621399,0.02446152602201148
C_major,15,0,660,660,55,100,{2: 0.9989615678787231},0.9989615678787231,0.001498919269389718
C_major,16,0,660,660,64,100,{2: 0.9991663694381714},0.9991663694381714,0.0012031762494370108
C_major,17,0,660,660,72,100,{2: 0.9995063543319702},0.9995063543319702,0.0007123559974185072
E7_seventh,0,0,320,320,76,100,{2: 0.0846104696393013},0.0846104696393013,3.563019997326054
E7_seventh,1,330,160,490,74,100,{2: 0.9089053869247437},0.9089053869247437,0.1377979708955287
E7_seventh,2,160,160,320,72,100,{2: 0.9929717183113098},0.9929717183113098,0.01017546719723003
E7_seventh,3,160,320,480,74,100,{2: 0.9857562184333801},0.9857562184333801,0.0206971885908389
E7_seventh,4,330,320,650,67,100,{2: 0.9477809071540833},0.9477809071540833,0.07737449641058597
E7_seventh,5,330,660,990,72,100,{2: 0.8609693050384521},0.8609693050384521,0.2159662907822988
E7_seventh,6,660,660,1320,48,100,{2: 0.821804404258728},0.821804404258728,0.2831330325915773
E7_seventh,7,0,660,660,55,100,{2: 0.9096685647964478},0.9096685647964478,0.1365870957541392
E7_seventh,8,0,660,660,64,100,{2: 0.9957420229911804},0.9957420229911804,0.0061560778546798905
E7_seventh,9,0,660,660,72,100,{2: 0.9956152439117432},0.9956152439117432,0.006339775227802869
E7_seventh,10,660,660,1320,52,100,{2: 0.9993997812271118},0.9993997812271118,0.0008661926256442054
E7_seventh,11,0,660,660,56,100,{2: 0.9899569153785706},0.9899569153785706,0.01456235688932305
E7_seventh,12,0,660,660,62,100,{2: 0.9837680459022522},0.9837680459022522,0.023609899723502543
E7_seventh,13,0,660,660,71,100,{2: 0.9832136631011963},0.9832136631011963,0.02442313081289641
E7_seventh,14,660,660,1320,48,100,{2: 0.9972233772277832},0.9972233772277832,0.004011391545233909
E7_seventh,15,0,660,660,55,100,{2: 0.9985082745552063},0.9985082745552063,0.0021537116745006953
E7_seventh,16,0,660,660,64,100,{2: 0.9987404942512512},0.9987404942512512,0.0018182279724973218
E7_seventh,17,0,660,660,72,100,{2: 0.9991601705551147},0.9991601705551147,0.0012121268365066543
B7_seventh,0,0,320,320,76,100,{2: 0.04059785231947899},0.04059785231947899,4.622452780836974
B7_seventh,1,330,160,490,74,100,{2: 0.8048763275146484},0.8048763275146484,0.31316097052745384
B7_seventh,2,160,160,320,72,100,{2: 0.9890617728233337},0.9890617728233337,0.01586746615493855
B7_seventh,3,160,320,480,74,100,{2: 0.9599456787109375},0.9599456787109375,0.058975325794894125
B7_seventh,4,330,320,650,67,100,{2: 0.8979940414428711},0.8979940414428711,0.15522222275984981
B7_seventh,5,330,660,990,72,100,{2: 0.8380889296531677},0.8380889296531677,0.2548247584060535
B7_seventh,6,660,660,1320,48,100,{2: 0.7954407334327698},0.7954407334327698,0.3301736524113635
B7_seventh,7,0,660,660,55,100,{2: 0.9144534468650818},0.9144534468650818,0.12901836798215285
B7_seventh,8,0,660,660,64,100,{2: 0.9965266585350037},0.9965266585350037,0.0050196951197572694
B7_seventh,9,0,660,660,72,100,{2: 0.9910145401954651},0.9910145401954651,0.013021870054809568
B7_seventh,10,660,660,1320,59,100,{2: 0.9896726608276367},0.9896726608276367,0.014976669383670309
B7_seventh,11,0,660,660,63,100,{2: 0.994766354560852},0.994766354560852,0.007570381993852433
B7_seventh,12,0,660,660,66,100,{2: 0.9984057545661926},0.9984057545661926,0.0023018453224344882
B7_seventh,13,0,660,660,69,100,{2: 0.9939976930618286},0.9939976930618286,0.008685591401734135
B7_seventh,14,660,660,1320,48,100,{2: 0.990871250629425},0.990871250629425,0.013230482627395046
B7_seventh,15,0,660,660,55,100,{2: 0.9976134300231934},0.9976134300231934,0.0034472078097532444
B7_seventh,16,0,660,660,64,100,{2: 0.9997467398643494},0.9997467398643494,0.0003654234173036118
B7_seventh,17,0,660,660,72,100,{2: 0.9963345527648926},0.9963345527648926,0.005297837963977815
b_minor,0,0,320,320,76,100,{2: 0.14375928044319153},0.14375928044319153,2.798273002015053
b_minor,1,330,160,490,74,100,{2: 0.8639137148857117},0.8639137148857117,0.21104086736294636
b_minor,2,160,160,320,72,100,{2: 0.9877482652664185},0.9877482652664185,0.017784687416365907
b_minor,3,160,320,480,74,100,{2: 0.9699791073799133},0.9699791073799133,0.04397442181852736
b_minor,4,330,320,650,67,100,{2: 0.9193307161331177},0.9193307161331177,0.12134415100539056
b_minor,5,330,660,990,72,100,{2: 0.8259948492050171},0.8259948492050171,0.27579530967066573
b_minor,6,660,660,1320,48,100,{2: 0.8269537687301636},0.8269537687301636,0.2741214178343124
b_minor,7,0,660,660,55,100,{2: 0.9248170852661133},0.9248170852661133,0.11276004414975602
b_minor,8,0,660,660,64,100,{2: 0.9968543648719788},0.9968543648719788,0.0045453449519474035
b_minor,9,0,660,660,72,100,{2: 0.9921835064888},0.9921835064888,0.011321120023826502
b_minor,10,660,660,1320,59,100,{2: 0.9929250478744507},0.9929250478744507,0.010243276570780202
b_minor,11,0,660,660,62,100,{2: 0.8258445858955383},0.8258445858955383,0.27605778570484196
b_minor,12,0,660,660,66,100,{2: 0.9974644184112549},0.9974644184112549,0.003662716506967201
b_minor,13,0,660,660,71,100,{2: 0.9987744688987732},0.9987744688987732,0.0017691519391209993
b_minor,14,660,660,1320,48,100,{2: 0.9914958477020264},0.9914958477020264,0.012321364301356863
b_minor,15,0,660,660,55,100,{2: 0.9979370832443237},0.9979370832443237,0.0029792337864626432
b_minor,16,0,660,660,64,100,{2: 0.9994696974754333},0.9994696974754333,0.0007652677520124906
b_minor,17,0,660,660,72,100,{2: 0.9990583062171936},0.9990583062171936,0.0013592170340980133
D_major,0,0,320,320,76,100,{2: 0.099273681640625},0.099273681640625,3.332444892958868
D_major,1,330,160,490,74,100,{2: 0.8543792366981506},0.8543792366981506,0.22705150811071953
D_major,2,160,160,320,72,100,{2: 0.9892808794975281},0.9892808794975281,0.015547901580816398
D_major,3,160,320,480,74,100,{2: 0.9884900450706482},0.9884900450706482,0.016701658016871405
D_major,4,330,320,650,67,100,{2: 0.9528154134750366},0.9528154134750366,0.06973134335185907
D_major,5,330,660,990,72,100,{2: 0.8363769054412842},0.8363769054412842,0.25777486900163343
D_major,6,660,660,1320,48,100,{2: 0.8150047063827515},0.8150047063827515,0.29511970443266383
D_major,7,0,660,660,55,100,{2: 0.9557306170463562},0.9557306170463562,0.06532405849828361
D_major,8,0,660,660,64,100,{2: 0.9977424144744873},0.9977424144744873,0.0032606894711762987
D_major,9,0,660,660,72,100,{2: 0.9969239830970764},0.9969239830970764,0.004444593664075298
D_major,10,660,660,1320,50,100,{2: 0.9933458566665649},0.9933458566665649,0.009631981540237495
D_major,11,0,660,660,54,100,{2: 0.9991852641105652},0.9991852641105652,0.0011758945141258335
D_major,12,0,660,660,62,100,{2: 0.9996397495269775},0.9996397495269775,0.0005198252101692739
D_major,13,0,660,660,69,100,{2: 0.9986253976821899},0.9986253976821899,0.0019844962063371397
D_major,14,660,660,1320,48,100,{2: 0.9796191453933716},0.9796191453933716,0.02970712509514539
D_major,15,0,660,660,55,100,{2: 0.9967498779296875},0.9967498779296875,0.004696571349226168
D_major,16,0,660,660,64,100,{2: 0.9993755221366882},0.9993755221366882,0.0009012125394818439
D_major,17,0,660,660,72,100,{2: 0.998588502407074},0.998588502407074,0.0020377990903654507
e_minor,0,0,320,320,76,100,{2: 0.06872136145830154},0.06872136145830154,3.8630975713762945
e_minor,1,330,160,490,74,100,{2: 0.848688006401062},0.848688006401062,0.23669380535235718
e_minor,2,160,160,320,72,100,{2: 0.9905208349227905},0.9905208349227905,0.013740773358006265
e_minor,3,160,320,480,74,100,{2: 0.9829418063163757},0.9829418063163757,0.024822088518828212
e_minor,4,330,320,650,67,100,{2: 0.9338250160217285},0.9338250160217285,0.09877585776680592
e_minor,5,330,660,990,72,100,{2: 0.8472175002098083},0.8472175002098083,0.23919570479560898
e_minor,6,660,660,1320,48,100,{2: 0.7950024008750916},0.7950024008750916,0.3309688776031263
e_minor,7,0,660,660,55,100,{2: 0.9369574189186096},0.9369574189186096,0.09394461040828817
e_minor,8,0,660,660,64,100,{2: 0.9952364563941956},0.9952364563941956,0.006888761251851573
e_minor,9,0,660,660,72,100,{2: 0.9767813682556152},0.9767813682556152,0.03389241317546521
e_minor,10,660,660,1320,52,100,{2: 0.999269425868988},0.999269425868988,0.0010543808744223825
e_minor,11,0,660,660,55,100,{2: 0.9992772936820984},0.9992772936820984,0.0010430217654799068
e_minor,12,0,660,660,64,100,{2: 0.9986269474029541},0.9986269474029541,0.0019822573560819693
e_minor,13,0,660,660,71,100,{2: 0.9816054701805115},0.9816054701805115,0.026784806175554822
e_minor,14,660,660,1320,48,100,{2: 0.9986932873725891},0.9986932873725891,0.0018864206008396595
e_minor,15,0,660,660,55,100,{2: 0.9991462230682373},0.9991462230682373,0.0012322658604476126
e_minor,16,0,660,660,64,100,{2: 0.9987499713897705},0.9987499713897705,0.0018045381742440839
e_minor,17,0,660,660,72,100,{2: 0.9989625215530396},0.9989625215530396,0.0014975419786165797
ab_minor,0,0,320,320,76,100,{2: 0.11042066663503647},0.11042066663503647,3.178917878735816
ab_minor,1,330,160,490,74,100,{2: 0.9009711146354675},0.9009711146354675,0.15044724127937864
ab_minor,2,160,160,320,72,100,{2: 0.9945948719978333},0.9945948719978333,0.007819102076033653
ab_minor,3,160,320,480,74,100,{2: 0.9910173416137695},0.9910173416137695,0.013017791823442685
ab_minor,4,330,320,650,67,100,{2: 0.9394135475158691},0.9394135475158691,0.09016769567847363
ab_minor,5,330,660,990,72,100,{2: 0.8990693092346191},0.8990693092346191,0.15349575752941974
ab_minor,6,660,660,1320,48,100,{2: 0.8116521835327148},0.8116521835327148,0.30106647165618855
ab_minor,7,0,660,660,55,100,{2: 0.9345741868019104},0.9345741868019104,0.09761890477128159
ab_minor,8,0,660,660,64,100,{2: 0.9966654181480408},0.9966654181480408,0.004818823554723905
ab_minor,9,0,660,660,72,100,{2: 0.9927714467048645},0.9927714467048645,0.010466472458654966
ab_minor,10,660,660,1320,56,100,{2: 0.9832653999328613},0.9832653999328613,0.024347218008234743
ab_minor,11,0,660,660,59,100,{2: 0.9803292751312256},0.9803292751312256,0.028661688709889492
ab_minor,12,0,660,660,63,100,{2: 0.9993058443069458},0.9993058443069458,0.0010018027197454477
ab_minor,13,0,660,660,68,100,{2: 0.9993877410888672},0.9993877410888672,0.000883573410288315
ab_minor,14,660,660,1320,48,100,{2: 0.9930911064147949},0.9930911064147949,0.010002017875383603
ab_minor,15,0,660,660,55,100,{2: 0.996971845626831},0.996971845626831,0.0043753312348752006
ab_minor,16,0,660,660,64,100,{2: 0.9996128678321838},0.9996128678321838,0.0005586217958885196
ab_minor,17,0,660,660,72,100,{2: 0.9962630867958069},0.9962630867958069,0.0054013245858521575
Ab7_seventh,0,0,320,320,76,100,{2: 0.11256895959377289},0.11256895959377289,3.151119029580796
Ab7_seventh,1,330,160,490,74,100,{2: 0.8509032726287842},0.8509032726287842,0.23293295361080482
Ab7_seventh,2,160,160,320,72,100,{2: 0.9933692812919617},0.9933692812919617,0.009597960970050636
Ab7_seventh,3,160,320,480,74,100,{2: 0.9896078705787659},0.9896078705787659,0.015071120442319286
Ab7_seventh,4,330,320,650,67,100,{2: 0.9171115756034851},0.9171115756034851,0.12483083241090086
Ab7_seventh,5,330,660,990,72,100,{2: 0.8070054650306702},0.8070054650306702,0.30934965143889204
Ab7_seventh,6,660,660,1320,48,100,{2: 0.8182060122489929},0.8182060122489929,0.2894639565737246
Ab7_seventh,7,0,660,660,55,100,{2: 0.9413967132568359},0.9413967132568359,0.0871252788012845
Ab7_seventh,8,0,660,660,64,100,{2: 0.9952847361564636},0.9952847361564636,0.006818776592684149
Ab7_seventh,9,0,660,660,72,100,{2: 0.9944270849227905},0.9944270849227905,0.008062503694423373
Ab7_seventh,10,660,660,1320,56,100,{2: 0.9814163446426392},0.9814163446426392,0.027062796439725822
Ab7_seventh,11,0,660,660,60,100,{2: 0.9976251721382141},0.9976251721382141,0.003430227092668249
Ab7_seventh,12,0,660,660,63,100,{2: 0.9996415376663208},0.9996415376663208,0.0005172445430270687
Ab7_seventh,13,0,660,660,66,100,{2: 0.9979799389839172},0.9979799389839172,0.0029172795445717085
Ab7_seventh,14,660,660,1320,48,100,{2: 0.9902569055557251},0.9902569055557251,0.014125238089694644
Ab7_seventh,15,0,660,660,55,100,{2: 0.9976993203163147},0.9976993203163147,0.0033230032207712864
Ab7_seventh,16,0,660,660,64,100,{2: 0.9998040795326233},0.9998040795326233,0.00028268117911170205
Ab7_seventh,17,0,660,660,72,100,{2: 0.9977141618728638},0.9977141618728638,0.0033015421649811617
C#7_seventh,0,0,320,320,76,100,{2: 0.09763061255216599},0.09763061255216599,3.356522607022769
C#7_seventh,1,330,160,490,74,100,{2: 0.8653409481048584},0.8653409481048584,0.2086594219933722
C#7_seventh,2,160,160,320,72,100,{2: 0.9883814454078674},0.9883814454078674,0.016860167253155353
C#7_seventh,3,160,320,480,74,100,{2: 0.9906373620033264},0.9906373620033264,0.0135710614776798
C#7_seventh,4,330,320,650,67,100,{2: 0.9676977396011353},0.9676977396011353,0.047371602836437134
C#7_seventh,5,330,660,990,72,100,{2: 0.9271677732467651},0.9271677732467651,0.10909767326372971
C#7_seventh,6,660,660,1320,48,100,{2: 0.8225604295730591},0.8225604295730591,0.2818064242548079
C#7_seventh,7,0,660,660,55,100,{2: 0.937588095664978},0.937588095664978,0.0929738425697463
C#7_seventh,8,0,660,660,64,100,{2: 0.9966268539428711},0.9966268539428711,0.00487464716708628
C#7_seventh,9,0,660,660,72,100,{2: 0.9971801042556763},0.9971801042556763,0.004073996432211503
C#7_seventh,10,660,660,1320,49,100,{2: 0.9943640232086182},0.9943640232086182,0.008153995276384836
C#7_seventh,11,0,660,660,59,100,{2: 0.9953513145446777},0.9953513145446777,0.006722272452202153
C#7_seventh,12,0,660,660,65,100,{2: 0.9986218214035034},0.9986218214035034,0.001989662797109264
C#7_seventh,13,0,660,660,68,100,{2: 0.996797502040863},0.996797502040863,0.0046276418923965265
C#7_seventh,14,660,660,1320,48,100,{2: 0.9960796236991882},0.9960796236991882,0.005667023151698013
C#7_seventh,15,0,660,660,55,100,{2: 0.9973469972610474},0.9973469972610474,0.003832560042014776
C#7_seventh,16,0,660,660,64,100,{2: 0.9981825351715088},0.9981825351715088,0.002624433125576084
C#7_seventh,17,0,660,660,72,100,{2: 0.9959685802459717},0.9959685802459717,0.005827864479862027
bdim_diminished,0,0,320,320,76,100,{2: 0.1498982459306717},0.1498982459306717,2.7379445935357287
bdim_diminished,1,330,160,490,74,100,{2: 0.807169497013092},0.807169497013092,0.30905643895082047
bdim_diminished,2,160,160,320,72,100,{2: 0.989052951335907},0.989052951335907,0.015880333675723363
bdim_diminished,3,160,320,480,74,100,{2: 0.9767257571220398},0.9767257571220398,0.03397455252945775
bdim_diminished,4,330,320,650,67,100,{2: 0.9552068114280701},0.9552068114280701,0.0661149706187511
bdim_diminished,5,330,660,990,72,100,{2: 0.8832406401634216},0.8832406401634216,0.1791215391511274
bdim_diminished,6,660,660,1320,48,100,{2: 0.8098530173301697},0.8098530173301697,0.3042680022118287
bdim_diminished,7,0,660,660,55,100,{2: 0.9462356567382812},0.9462356567382812,0.0797285683325971
bdim_diminished,8,0,660,660,64,100,{2: 0.9965051412582397},0.9965051412582397,0.005050846522845934
bdim_diminished,9,0,660,660,72,100,{2: 0.9949642419815063},0.9949642419815063,0.007283417314443418
bdim_diminished,10,660,660,1320,59,100,{2: 0.995693564414978},0.995693564414978,0.0062262894628600865
bdim_diminished,11,0,660,660,62,100,{2: 0.8532089591026306},0.8532089591026306,0.22902898014057613
bdim_diminished,12,0,660,660,65,100,{2: 0.9985182881355286},0.9985182881355286,0.0021392436219044076
bdim_diminished,13,0,660,660,71,100,{2: 0.9993311166763306},0.9993311166763306,0.0009653175323936426
bdim_diminished,14,660,660,1320,48,100,{2: 0.993656575679779},0.993656575679779,0.009180776472915562
bdim_diminished,15,0,660,660,55,100,{2: 0.9992295503616333},0.9992295503616333,0.0011119522791671053
bdim_diminished,16,0,660,660,64,100,{2: 0.9996223449707031},0.9996223449707031,0.0005449439448221341
bdim_diminished,17,0,660,660,72,100,{2: 0.9995439648628235},0.9995439648628235,0.0006580696937345917
eb7_minor_seventh,0,0,320,320,76,100,{2: 0.028220193460583687},0.028220193460583687,5.1471283115607385
eb7_minor_seventh,1,330,160,490,74,100,{2: 0.8139932751655579},0.8139932751655579,0.296911219223084
eb7_minor_seventh,2,160,160,320,72,100,{2: 0.9913299083709717},0.9913299083709717,0.012562837713558307
eb7_minor_seventh,3,160,320,480,74,100,{2: 0.9893486499786377},0.9893486499786377,0.015449073441847275
eb7_minor_seventh,4,330,320,650,67,100,{2: 0.9487818479537964},0.9487818479537964,0.07585168630777839
eb7_minor_seventh,5,330,660,990,72,100,{2: 0.9090010523796082},0.9090010523796082,0.13764613021279518
eb7_minor_seventh,6,660,660,1320,48,100,{2: 0.8096703290939331},0.8096703290939331,0.3045934849091262
eb7_minor_seventh,7,0,660,660,55,100,{2: 0.9527695178985596},0.9527695178985596,0.06980083731091054
eb7_minor_seventh,8,0,660,660,64,100,{2: 0.9921422004699707},0.9921422004699707,0.011381182732608219
eb7_minor_seventh,9,0,660,660,72,100,{2: 0.9973883032798767},0.9973883032798767,0.003772810772508871
eb7_minor_seventh,10,660,660,1320,51,100,{2: 0.9452998638153076},0.9452998638153076,0.08115604765270273
eb7_minor_seventh,11,0,660,660,54,100,{2: 0.9984182119369507},0.9984182119369507,0.002283844549890808
eb7_minor_seventh,12,0,660,660,61,100,{2: 0.9978647828102112},0.9978647828102112,0.0030837606731922624
eb7_minor_seventh,13,0,660,660,70,100,{2: 0.9950359463691711},0.9950359463691711,0.0071794499227373024
eb7_minor_seventh,14,660,660,1320,48,100,{2: 0.9810726642608643},0.9810726642608643,0.027568099639139188
eb7_minor_seventh,15,0,660,660,55,100,{2: 0.9954344630241394},0.9954344630241394,0.006601759335825506
eb7_minor_seventh,16,0,660,660,64,100,{2: 0.976568341255188},0.976568341255188,0.03420708596223131
eb7_minor_seventh,17,0,660,660,72,100,{2: 0.9989867806434631},0.9989867806434631,0.001462507586688992
Bb7_seventh,0,0,320,320,76,100,{2: 0.019303029403090477},0.019303029403090477,5.695028909025117
Bb7_seventh,1,330,160,490,74,100,{2: 0.8444380760192871},0.8444380760192871,0.2439364630927128
Bb7_seventh,2,160,160,320,72,100,{2: 0.991502046585083},0.991502046585083,0.012312344525924262
Bb7_seventh,3,160,320,480,74,100,{2: 0.9942051768302917},0.9942051768302917,0.008384479468494046
Bb7_seventh,4,330,320,650,67,100,{2: 0.9670734405517578},0.9670734405517578,0.04830264127970787
Bb7_seventh,5,330,660,990,72,100,{2: 0.945334255695343},0.945334255695343,0.08110356050644069
Bb7_seventh,6,660,660,1320,48,100,{2: 0.7841553092002869},0.7841553092002869,0.35078867317106305
Bb7_seventh,7,0,660,660,55,100,{2: 0.9420233964920044},0.9420233964920044,0.08616520321934514
Bb7_seventh,8,0,660,660,64,100,{2: 0.9963231086730957},0.9963231086730957,0.0053144091340312765
Bb7_seventh,9,0,660,660,72,100,{2: 0.9955101013183594},0.9955101013183594,0.0064921400184629555
Bb7_seventh,10,660,660,1320,58,100,{2: 0.9947851300239563},0.9947851300239563,0.007543152472302907
Bb7_seventh,11,0,660,660,62,100,{2: 0.8913865685462952},0.8913865685462952,0.16587687236807355
Bb7_seventh,12,0,660,660,65,100,{2: 0.9988364577293396},0.9988364577293396,0.0016796140042957004
Bb7_seventh,13,0,660,660,68,100,{2: 0.9981702566146851},0.9981702566146851,0.00264217970134363
Bb7_seventh,14,660,660,1320,48,100,{2: 0.9966294169425964},0.9966294169425964,0.004870937030013027
Bb7_seventh,15,0,660,660,55,100,{2: 0.9976667165756226},0.9976667165756226,0.00337014971334007
Bb7_seventh,16,0,660,660,64,100,{2: 0.9994615912437439},0.9994615912437439,0.0007769688248054715
Bb7_seventh,17,0,660,660,72,100,{2: 0.998336911201477},0.998336911201477,0.0024013273264156493
bb7_minor_seventh,0,0,320,320,76,100,{2: 0.0167329590767622},0.0167329590767622,5.901163593897765
bb7_minor_seventh,1,330,160,490,74,100,{2: 0.8209312558174133},0.8209312558174133,0.28466667805321283
bb7_minor_seventh,2,160,160,320,72,100,{2: 0.9866118431091309},0.9866118431091309,0.019445489602126165
bb7_minor_seventh,3,160,320,480,74,100,{2: 0.9926988482475281},0.9926988482475281,0.010571976363385647
bb7_minor_seventh,4,330,320,650,67,100,{2: 0.960140585899353},0.960140585899353,0.058682431001249445
bb7_minor_seventh,5,330,660,990,72,100,{2: 0.9233472347259521},0.9233472347259521,0.11505480388436046
bb7_minor_seventh,6,660,660,1320,48,100,{2: 0.7136861681938171},0.7136861681938171,0.486638282710792
bb7_minor_seventh,7,0,660,660,55,100,{2: 0.9342713952064514},0.9342713952064514,0.09808639758205143
bb7_minor_seventh,8,0,660,660,64,100,{2: 0.9955230951309204},0.9955230951309204,0.0064733094846700055
bb7_minor_seventh,9,0,660,660,72,100,{2: 0.9960816502571106},0.9960816502571106,0.005664087942482885
bb7_minor_seventh,10,660,660,1320,58,100,{2: 0.9915476441383362},0.9915476441383362,0.01224599887228346
bb7_minor_seventh,11,0,660,660,61,100,{2: 0.9948036074638367},0.9948036074638367,0.007516355667131843
bb7_minor_seventh,12,0,660,660,65,100,{2: 0.9984682202339172},0.9984682202339172,0.0022115853358566895
bb7_minor_seventh,13,0,660,660,68,100,{2: 0.9970340728759766},0.9970340728759766,0.004285286423125658
bb7_minor_seventh,14,660,660,1320,48,100,{2: 0.9959586262702942},0.9959586262702942,0.005842283231009344
bb7_minor_seventh,15,0,660,660,55,100,{2: 0.9968721270561218},0.9968721270561218,0.00451963890341669
bb7_minor_seventh,16,0,660,660,64,100,{2: 0.9982089996337891},0.9982089996337891,0.002586183966703044
bb7_minor_seventh,17,0,660,660,72,100,{2: 0.9980097413063049},0.9980097413063049,0.002874197495457461
B_major,0,0,320,320,76,100,{2: 0.08974463492631912},0.08974463492631912,3.478030494811719
B_major,1,330,160,490,74,100,{2: 0.8039352297782898},0.8039352297782898,0.3148488216445652
B_major,2,160,160,320,72,100,{2: 0.9897124767303467},0.9897124767303467,0.014918628930293162
B_major,3,160,320,480,74,100,{2: 0.9493056535720825},0.9493056535720825,0.07505541976425252
B_major,4,330,320,650,67,100,{2: 0.8849225044250488},0.8849225044250488,0.17637697571091998
B_major,5,330,660,990,72,100,{2: 0.8289710879325867},0.8289710879325867,0.27060630923829576
B_major,6,660,660,1320,48,100,{2: 0.7948323488235474},0.7948323488235474,0.3312775049651058
B_major,7,0,660,660,55,100,{2: 0.9052287340164185},0.9052287340164185,0.1436457151377757
B_major,8,0,660,660,64,100,{2: 0.9965260624885559},0.9965260624885559,0.005020558030452248
B_major,9,0,660,660,72,100,{2: 0.9920113682746887},0.9920113682746887,0.01157144115067503
B_major,10,660,660,1320,59,100,{2: 0.9893348813056946},0.9893348813056946,0.015469151433967704
B_major,11,0,660,660,63,100,{2: 0.9938675761222839},0.9938675761222839,0.00887445637824423
B_major,12,0,660,660,66,100,{2: 0.9990979433059692},0.9990979433059692,0.001301980037308567
B_major,13,0,660,660,71,100,{2: 0.9991686344146729},0.9991686344146729,0.001199905856474775
B_major,14,660,660,1320,48,100,{2: 0.989667534828186},0.989667534828186,0.014984141827268784
B_major,15,0,660,660,55,100,{2: 0.9974842071533203},0.9974842071533203,0.003634095098196754
B_major,16,0,660,660,64,100,{2: 0.9997316002845764},0.9997316002845764,0.0003872709124441366
B_major,17,0,660,660,72,100,{2: 0.9983481168746948},0.9983481168746948,0.002385134117217451
D#7_seventh,0,0,320,320,76,100,{2: 0.03451814875006676},0.03451814875006676,4.8565010966574995
D#7_seventh,1,330,160,490,74,100,{2: 0.7325812578201294},0.7325812578201294,0.4489393029261133
D#7_seventh,2,160,160,320,72,100,{2: 0.9903486967086792},0.9903486967086792,0.013991514706192374
D#7_seventh,3,160,320,480,74,100,{2: 0.9879327416419983},0.9879327416419983,0.01751526826210666
D#7_seventh,4,330,320,650,67,100,{2: 0.9435601234436035},0.9435601234436035,0.08381364592189715
D#7_seventh,5,330,660,990,72,100,{2: 0.8961901664733887},0.8961901664733887,0.15812319841023262
D#7_seventh,6,660,660,1320,48,100,{2: 0.7838648557662964},0.7838648557662964,0.35132315065162384
D#7_seventh,7,0,660,660,55,100,{2: 0.9439746141433716},0.9439746141433716,0.08318003248448161
D#7_seventh,8,0,660,660,64,100,{2: 0.988964319229126},0.988964319229126,0.016009623852209588
D#7_seventh,9,0,660,660,72,100,{2: 0.9950403571128845},0.9950403571128845,0.0071730548331914385
D#7_seventh,10,660,660,1320,51,100,{2: 0.9378008246421814},0.9378008246421814,0.0926465472141454
D#7_seventh,11,0,660,660,55,100,{2: 0.9989228844642639},0.9989228844642639,0.0015547867347443908
D#7_seventh,12,0,660,660,61,100,{2: 0.9966918230056763},0.9966918230056763,0.004780602450767354
D#7_seventh,13,0,660,660,70,100,{2: 0.9915961623191833},0.9915961623191833,0.012175406978052488
D#7_seventh,14,660,660,1320,48,100,{2: 0.9915749430656433},0.9915749430656433,0.012206279666517569
D#7_seventh,15,0,660,660,55,100,{2: 0.9973056316375732},0.9973056316375732,0.003892398009782529
D#7_seventh,16,0,660,660,64,100,{2: 0.9374821186065674},0.9374821186065674,0.09313692187804756
D#7_seventh,17,0,660,660,72,100,{2: 0.9983593821525574},0.9983593821525574,0.0023688549571355406
c7_minor_seventh,0,0,320,320,76,100,{2: 0.033041615039110184},0.033041615039110184,4.919571983889945
c7_minor_seventh,1,330,160,490,74,100,{2: 0.6786038875579834},0.6786038875579834,0.5593583999629073
c7_minor_seventh,2,160,160,320,72,100,{2: 0.9934715032577515},0.9934715032577515,0.009449509091679912
c7_minor_seventh,3,160,320,480,74,100,{2: 0.9857121109962463},0.9857121109962463,0.020761743095600603
c7_minor_seventh,4,330,320,650,67,100,{2: 0.904149055480957},0.904149055480957,0.145367463976278
c7_minor_seventh,5,330,660,990,72,100,{2: 0.9000411033630371},0.9000411033630371,0.15193720648511666
c7_minor_seventh,6,660,660,1320,48,100,{2: 0.7510270476341248},0.7510270476341248,0.41306322871246587
c7_minor_seventh,7,0,660,660,55,100,{2: 0.9287776947021484},0.9287776947021484,0.10659476967893386
c7_minor_seventh,8,0,660,660,64,100,{2: 0.9961560368537903},0.9961560368537903,0.005556352630694969
c7_minor_seventh,9,0,660,660,72,100,{2: 0.9944615960121155},0.9944615960121155,0.008012436561046783
c7_minor_seventh,10,660,660,1320,48,100,{2: 0.9231261610984802},0.9231261610984802,0.11540026440198319
c7_minor_seventh,11,0,660,660,55,100,{2: 0.9956029653549194},0.9956029653549194,0.00635756756513351
c7_minor_seventh,12,0,660,660,63,100,{2: 0.9966337084770203},0.9966337084770203,0.004864724728835011
c7_minor_seventh,13,0,660,660,70,100,{2: 0.9975842237472534},0.9975842237472534,0.0034894449779704095
c7_minor_seventh,14,660,660,1320,48,100,{2: 0.992067813873291},0.992067813873291,0.01148935391752605
c7_minor_seventh,15,0,660,660,55,100,{2: 0.9977989792823792},0.9977989792823792,0.00317890137285715
c7_minor_seventh,16,0,660,660,64,100,{2: 0.9985270500183105},0.9985270500183105,0.0021265841949029323
c7_minor_seventh,17,0,660,660,72,100,{2: 0.9993622899055481},0.9993622899055481,0.0009203146689667963
ab7_minor_seventh,0,0,320,320,76,100,{2: 0.0876714289188385},0.0876714289188385,3.5117494277526684
ab7_minor_seventh,1,330,160,490,74,100,{2: 0.9000337719917297},0.9000337719917297,0.15194895814408702
ab7_minor_seventh,2,160,160,320,72,100,{2: 0.9931764006614685},0.9931764006614685,0.00987811353084835
ab7_minor_seventh,3,160,320,480,74,100,{2: 0.9872331619262695},0.9872331619262695,0.018537238342664922
ab7_minor_seventh,4,330,320,650,67,100,{2: 0.9051018357276917},0.9051018357276917,0.14384797160430512
ab7_minor_seventh,5,330,660,990,72,100,{2: 0.8172281384468079},0.8172281384468079,0.29118921570758055
ab7_minor_seventh,6,660,660,1320,48,100,{2: 0.8227248787879944},0.8227248787879944,0.2815180243445314
ab7_minor_seventh,7,0,660,660,55,100,{2: 0.9311681389808655},0.9311681389808655,0.10288639931371714
ab7_minor_seventh,8,0,660,660,64,100,{2: 0.995710015296936},0.995710015296936,0.006202453404653301
ab7_minor_seventh,9,0,660,660,72,100,{2: 0.9935990571975708},0.9935990571975708,0.00926429026720717
ab7_minor_seventh,10,660,660,1320,56,100,{2: 0.9839316010475159},0.9839316010475159,0.023370066171778368
ab7_minor_seventh,11,0,660,660,59,100,{2: 0.9851371049880981},0.9851371049880981,0.02160357141330893
ab7_minor_seventh,12,0,660,660,63,100,{2: 0.9993687272071838},0.9993687272071838,0.0009110217095169155
ab7_minor_seventh,13,0,660,660,66,100,{2: 0.9990134239196777},0.9990134239196777,0.0014240309915591926
ab7_minor_seventh,14,660,660,1320,48,100,{2: 0.9942137598991394},0.9942137598991394,0.00837202459730622
ab7_minor_seventh,15,0,660,660,55,100,{2: 0.9974246025085449},0.9974246025085449,0.0037203058814070087
ab7_minor_seventh,16,0,660,660,64,100,{2: 0.9996931552886963},0.9996931552886963,0.00044275127473882914
ab7_minor_seventh,17,0,660,660,72,100,{2: 0.9980473518371582},0.9980473518371582,0.002819829785696027
c_minor,0,0,320,320,76,100,{2: 0.08640522509813309},0.08640522509813309,3.5327376320707677
c_minor,1,330,160,490,74,100,{2: 0.6844315528869629},0.6844315528869629,0.5470218240368803
c_minor,2,160,160,320,72,100,{2: 0.9940582513809204},0.9940582513809204,0.008597699321121869
c_minor,3,160,320,480,74,100,{2: 0.9766071438789368},0.9766071438789368,0.03414976356259105
c_minor,4,330,320,650,67,100,{2: 0.8685400485992432},0.8685400485992432,0.20333572138816505
c_minor,5,330,660,990,72,100,{2: 0.8797510266304016},0.8797510266304016,0.1848328023503593
c_minor,6,660,660,1320,48,100,{2: 0.7524721622467041},0.7524721622467041,0.410289884618354
c_minor,7,0,660,660,55,100,{2: 0.9460279941558838},0.9460279941558838,0.08004521953378058
c_minor,8,0,660,660,64,100,{2: 0.9963873624801636},0.9963873624801636,0.00522137138450459
c_minor,9,0,660,660,72,100,{2: 0.9967268705368042},0.9967268705368042,0.004729872617117584
c_minor,10,660,660,1320,48,100,{2: 0.9593391418457031},0.9593391418457031,0.059887173528329084
c_minor,11,0,660,660,55,100,{2: 0.9964417815208435},0.9964417815208435,0.005142578799224789
c_minor,12,0,660,660,63,100,{2: 0.9942717552185059},0.9942717552185059,0.008287870542340897
c_minor,13,0,660,660,72,100,{2: 0.9988530874252319},0.9988530874252319,0.0016555946767138868
c_minor,14,660,660,1320,48,100,{2: 0.9822313189506531},0.9822313189506531,0.025865270547549748
c_minor,15,0,660,660,55,100,{2: 0.9976146221160889},0.9976146221160889,0.003445483869969234
c_minor,16,0,660,660,64,100,{2: 0.9994120597839355},0.9994120597839355,0.0008484678826987845
c_minor,17,0,660,660,72,100,{2: 0.9987884163856506},0.9987884163856506,0.0017490054192797373
